date,EBAY,NVDA,YHOO
1/4/2010,23.9,18.49,17.1
1/5/2010,23.65,18.76,17.23
1/6/2010,23.5,18.88,17.17
1/7/2010,23.23,18.51,16.7
1/8/2010,23.51,18.55,16.7
1/11/2010,23.45,18.29,16.74
1/12/2010,23.19,17.67,16.68
1/13/2010,23.6,17.91,16.9
1/14/2010,22.88,17.63,17.12
1/15/2010,22.47,17.11,16.82
1/19/2010,23.26,17.43,16.75
1/20/2010,22.23,17.36,16.38
1/21/2010,24.13,17.05,16.2
1/22/2010,23.58,16.46,15.88
1/25/2010,23.69,16.74,15.86
1/26/2010,24.07,16.21,15.99
1/27/2010,23.97,16.65,15.98
1/28/2010,23.33,16.09,15.44
1/29/2010,23.02,15.39,15.01
2/1/2010,23.17,16.57,15.05
2/2/2010,23.08,16.74,15.17
2/3/2010,23.23,16.88,15.46
2/4/2010,22.45,15.9,15.01
2/5/2010,22.71,16.22,15.19
2/8/2010,22.49,16.19,14.99
2/9/2010,22.37,16.06,15.07
2/10/2010,21.96,16.37,14.8
2/11/2010,22.13,17.12,15.22
2/12/2010,21.77,17.35,15.17
2/16/2010,22.52,17.67,15.41
2/17/2010,22.68,17.84,15.44
2/18/2010,22.84,16.67,15.54
2/19/2010,23.42,16.58,15.58
2/22/2010,23.28,16.61,15.49
2/23/2010,22.89,16.21,15.38
2/24/2010,23.26,16.55,15.59
2/25/2010,23,16.4,15.24
2/26/2010,23.02,16.2,15.31
3/1/2010,23.88,16.85,15.79
3/2/2010,23.99,16.84,15.73
3/3/2010,23.51,16.63,15.57
3/4/2010,23.78,16.66,15.81
3/5/2010,24.63,17.17,16.06
3/8/2010,24.84,16.92,16.52
3/9/2010,25.51,17.55,16.53
3/10/2010,25.56,17.59,16.79
3/11/2010,25.44,17.19,16.53
3/12/2010,25.97,17.25,16.32
3/15/2010,26.28,17.16,16.46
3/16/2010,26.79,17.76,16.36
3/17/2010,26.98,18.1,16.5
3/18/2010,27.46,17.46,16.56
3/19/2010,27.19,17.25,16.44
3/22/2010,27.07,17.53,16.34
3/23/2010,27.05,17.89,16.03
3/24/2010,26.94,17.29,16.09
3/25/2010,27.56,17.34,16.32
3/26/2010,27.45,17.34,16.54
3/29/2010,27.28,17.56,16.56
3/30/2010,27.14,17.63,16.61
3/31/2010,26.97,17.4,16.53
4/1/2010,26.57,17.22,16.29
4/5/2010,27.37,17.48,16.51
4/6/2010,27.27,17.05,16.92
4/7/2010,26.85,17.16,16.87
4/8/2010,26.46,16.88,17.35
4/9/2010,26.55,16.99,17.52
4/12/2010,26.63,17.3,17.64
4/13/2010,26.64,17.66,18.18
4/14/2010,27.04,17.88,18.38
4/15/2010,26.98,18.01,18.97
4/16/2010,26.33,17.06,18.17
4/19/2010,26.32,16.98,18.39
4/20/2010,26.4,17.04,18.38
4/21/2010,26.29,16.6,17.45
4/22/2010,24.78,16.67,17.72
4/23/2010,24.55,16.44,17.64
4/26/2010,24.56,16.6,17.39
4/27/2010,23.77,16.13,16.92
4/28/2010,23.99,16.16,16.75
4/29/2010,24.24,16.65,16.97
4/30/2010,23.78,15.71,16.53
5/3/2010,23.91,15.54,16.95
5/4/2010,23.08,14.75,16.32
5/5/2010,22.66,14.5,16.49
5/6/2010,22.27,14.2,15.92
5/7/2010,21.48,13.96,15.29
5/10/2010,22.33,14.56,16.33
5/11/2010,22.38,14.4,16.41
5/12/2010,22.51,14.68,16.47
5/13/2010,22.68,14.65,16.14
5/14/2010,22.25,12.96,16.39
5/17/2010,22.51,12.99,16.27
5/18/2010,22.17,12.56,16.03
5/19/2010,21.64,12.76,15.79
5/20/2010,20.81,12.46,15.1
5/21/2010,21.42,12.73,15.48
5/24/2010,21.36,12.36,15.54
5/25/2010,21.59,12.69,15.31
5/26/2010,21.38,12.75,15.45
5/27/2010,21.91,13.5,15.69
5/28/2010,21.41,13.14,15.34
6/1/2010,20.96,12.58,15.02
6/2/2010,21.25,12.72,15.18
6/3/2010,22.18,12.7,15.43
6/4/2010,21.99,12.1,15
6/7/2010,21.55,11.5,14.94
6/8/2010,21.69,11.18,14.79
6/9/2010,21.78,10.91,14.69
6/10/2010,22.28,11.35,15.1
6/11/2010,22.65,11.61,15.29
6/14/2010,22.21,11.36,15.17
6/15/2010,22.39,11.92,15.65
6/16/2010,22.13,11.77,15.49
6/17/2010,22.1,12.22,15.6
6/18/2010,22.16,12.3,15.54
6/21/2010,21.87,12.01,15.21
6/22/2010,21.56,11.56,15.09
6/23/2010,21.34,11.69,15.23
6/24/2010,20.86,11.11,14.83
6/25/2010,20.95,11.08,14.81
6/28/2010,20.71,11.1,14.73
6/29/2010,19.69,10.48,14.04
6/30/2010,19.61,10.21,13.84
7/1/2010,19.64,10.38,14.09
7/2/2010,19.26,10.25,14.07
7/6/2010,19.35,10.14,14.13
7/7/2010,19.81,10.63,14.4
7/8/2010,19.89,10.31,14.6
7/9/2010,20.29,10.35,14.89
7/12/2010,20.22,10.54,14.94
7/13/2010,21.01,10.92,15.52
7/14/2010,21.11,11.03,15.37
7/15/2010,21.03,10.72,15.37
7/16/2010,20.09,10.05,14.9
7/19/2010,20.4,10.46,15.1
7/20/2010,20.79,10.72,15.2
7/21/2010,20.17,10.37,13.91
7/22/2010,20.94,10.54,13.88
7/23/2010,21.09,10.36,13.99
7/26/2010,21.14,10.55,14.15
7/27/2010,21.04,10.46,13.95
7/28/2010,21.04,10.13,13.87
7/29/2010,20.77,9.13,13.76
7/30/2010,20.91,9.19,13.88
8/2/2010,21.46,9.18,14
8/3/2010,20.97,8.94,13.94
8/4/2010,21.1,9.32,14.18
8/5/2010,21.07,9.44,14.16
8/6/2010,21.45,9.55,14.34
8/9/2010,21.98,9.64,14.4
8/10/2010,21.91,9.24,14.35
8/11/2010,21.25,8.88,13.87
8/12/2010,21.59,8.96,13.85
8/13/2010,21.5,9.39,13.83
8/16/2010,22.05,9.15,13.79
8/17/2010,22.35,9.27,13.94
8/18/2010,22.74,9.32,13.99
8/19/2010,23.13,9.88,13.85
8/20/2010,23.37,9.97,13.79
8/23/2010,23.27,9.82,13.65
8/24/2010,22.87,9.72,13.4
8/25/2010,23.16,9.92,13.26
8/26/2010,22.73,9.8,13.21
8/27/2010,23.18,10.12,13.43
8/30/2010,23.13,9.64,13.18
8/31/2010,23.23,9.33,13.11
9/1/2010,24.03,9.4,13.37
9/2/2010,24.06,9.57,13.51
9/3/2010,24.13,9.9,13.62
9/7/2010,23.53,9.99,13.53
9/8/2010,24.57,10.32,13.75
9/9/2010,24.3,10.18,13.65
9/10/2010,24.1,10.07,13.68
9/13/2010,24.3,10.64,13.73
9/14/2010,24.25,10.54,13.63
9/15/2010,24.19,10.56,14.27
9/16/2010,23.9,10.57,14.19
9/17/2010,24.22,10.55,13.89
9/20/2010,24.65,10.71,13.86
9/21/2010,24.74,11.29,14.18
9/22/2010,24.34,11.39,14.04
9/23/2010,24.25,11.62,14.17
9/24/2010,24.74,12.26,14.5
9/27/2010,24.77,12,14.28
9/28/2010,24.87,11.97,14.39
9/29/2010,24.99,11.88,14.34
9/30/2010,24.4,11.68,14.17
10/1/2010,24.46,11.35,14.27
10/4/2010,24.08,11.24,14.28
10/5/2010,24.59,11.32,14.61
10/6/2010,24.45,10.78,14.52
10/7/2010,24.75,10.7,14.23
10/8/2010,24.61,10.86,14.49
10/11/2010,24.29,10.81,14.41
10/12/2010,24.45,11.02,14.43
10/13/2010,24.87,11.34,15.25
10/14/2010,25.28,11.16,15.93
10/15/2010,25.68,11.29,16.25
10/18/2010,25.72,11.36,15.93
10/19/2010,25.53,11.29,15.49
10/20/2010,25.66,11.29,15.8
10/21/2010,27.2,11.09,15.97
10/22/2010,28.07,11.8,16.31
10/25/2010,27.93,11.91,16.4
10/26/2010,28.75,11.87,16.46
10/27/2010,29.28,12.04,16.42
10/28/2010,29.72,12.05,16.4
10/29/2010,29.86,12.02,16.49
11/1/2010,29.36,12.04,16.15
11/2/2010,30.07,12.29,16.19
11/3/2010,30.11,12.38,16.17
11/4/2010,30.15,12.4,16.2
11/5/2010,30.87,12.61,16.27
11/8/2010,30.84,12.66,16.44
11/9/2010,30.53,12.59,16.97
11/10/2010,30.93,12.74,16.94
11/11/2010,30.79,12.61,16.8
11/12/2010,30.14,13.26,16.55
11/15/2010,30.06,13.1,16.6
11/16/2010,29.77,12.71,16.24
11/17/2010,30.14,12.92,16.15
11/18/2010,30.57,13.32,16.99
11/19/2010,30.3,13.75,16.57
11/22/2010,30.64,13.76,16.56
11/23/2010,30.18,13.44,16.19
11/24/2010,31.21,13.77,16.41
11/26/2010,31.15,13.6,16.22
11/29/2010,30.23,13.75,16.38
11/30/2010,29.14,13.61,15.82
12/1/2010,29.26,14.21,16.15
12/2/2010,29.91,14.38,16.33
12/3/2010,29.61,14.79,16.35
12/6/2010,29.49,14.51,16.33
12/7/2010,30,14.98,16.94
12/8/2010,30.15,15.11,17.02
12/9/2010,30.35,14.86,16.95
12/10/2010,30.69,14.95,17.01
12/13/2010,30.28,14.57,16.7
12/14/2010,30.75,14.59,16.63
12/15/2010,30.19,14.27,16.45
12/16/2010,30.53,14.29,16.51
12/17/2010,29.82,14.37,16.38
12/20/2010,29.58,14.31,16.28
12/21/2010,28.65,14.87,16.6
12/22/2010,28.57,15.03,16.63
12/23/2010,28.32,14.92,16.72
12/27/2010,28.31,15,16.48
12/28/2010,28.35,14.94,16.43
12/29/2010,28.36,14.94,16.61
12/30/2010,28.13,14.99,16.76
12/31/2010,27.83,15.4,16.63
1/3/2011,28.68,NaN,16.75
1/4/2011,28.47,NaN,16.59
1/5/2011,28.73,NaN,16.91
1/6/2011,28.42,NaN,17.06
1/7/2011,27.7,NaN,16.9
1/10/2011,28.26,NaN,16.6
1/11/2011,28.36,NaN,16.58
1/12/2011,28.83,NaN,16.65
1/13/2011,28.71,NaN,16.75
1/14/2011,29.18,NaN,16.81
1/18/2011,29.45,NaN,16.5
1/19/2011,29.1,NaN,16.31
1/20/2011,30.78,NaN,16.23
1/21/2011,30.02,NaN,15.97
1/24/2011,30.51,NaN,16.09
1/25/2011,30.91,NaN,16.02
1/26/2011,31.06,NaN,15.57
1/27/2011,30.96,NaN,16.2
1/28/2011,30.31,NaN,15.83
1/31/2011,30.36,NaN,16.12
2/1/2011,31.64,NaN,16.38
2/2/2011,31.88,NaN,16.57
2/3/2011,32.05,NaN,16.69
2/4/2011,32.21,NaN,16.79
2/7/2011,32.24,NaN,16.8
2/8/2011,32.64,NaN,16.6
2/9/2011,31.95,NaN,16.43
2/10/2011,34.49,NaN,16.62
2/11/2011,34.51,NaN,16.85
2/14/2011,33.86,NaN,16.89
2/15/2011,34.46,NaN,17.2
2/16/2011,34.46,NaN,17.76
2/17/2011,34.69,NaN,17.77
2/18/2011,34.53,NaN,17.66
2/22/2011,33.65,NaN,16.91
2/23/2011,32.85,NaN,16.58
2/24/2011,33.09,NaN,16.37
2/25/2011,33.63,NaN,16.5
2/28/2011,33.51,NaN,16.4
3/1/2011,32.29,NaN,16.1
3/2/2011,32.68,NaN,16.63
3/3/2011,32.93,NaN,16.86
3/4/2011,32.01,NaN,17.08
3/7/2011,31.5,NaN,16.7
3/8/2011,31.67,NaN,16.94
3/9/2011,31.33,NaN,17.65
3/10/2011,31.08,NaN,17.06
3/11/2011,30.92,NaN,17.42
3/14/2011,30.77,NaN,17.31
3/15/2011,30.44,NaN,16.33
3/16/2011,29.73,NaN,15.91
3/17/2011,29.95,NaN,15.86
3/18/2011,30.47,NaN,16.03
3/21/2011,30.58,NaN,16.29
3/22/2011,30.22,NaN,16.36
3/23/2011,30.67,NaN,16.13
3/24/2011,31.76,NaN,16.83
3/25/2011,31.7,NaN,16.96
3/28/2011,30.34,NaN,16.58
3/29/2011,31.08,NaN,16.75
3/30/2011,31.63,NaN,16.74
3/31/2011,31.04,NaN,16.68
4/1/2011,31.36,NaN,16.84
4/4/2011,31.39,NaN,16.87
4/5/2011,31.84,NaN,17.11
4/6/2011,31.85,NaN,17.05
4/7/2011,31.53,NaN,17
4/8/2011,31.14,NaN,16.77
4/11/2011,31.19,NaN,16.59
4/12/2011,30.7,NaN,16.36
4/13/2011,30.67,NaN,16.64
4/14/2011,30.85,NaN,16.69
4/15/2011,31.61,NaN,16.62
4/18/2011,31.15,NaN,16.35
4/19/2011,31.15,NaN,16.12
4/20/2011,31.76,NaN,16.87
4/21/2011,31.95,NaN,16.85
4/25/2011,32.96,NaN,17.11
4/26/2011,33.08,NaN,17.28
4/27/2011,34.03,NaN,17.26
4/28/2011,34,NaN,17.51
4/29/2011,34.39,NaN,17.7
5/2/2011,33.64,NaN,NaN
5/3/2011,33.54,NaN,NaN
5/4/2011,33.01,NaN,NaN
5/5/2011,32.68,NaN,NaN
5/6/2011,32.72,NaN,NaN
5/9/2011,33.12,NaN,NaN
5/10/2011,33.93,NaN,NaN
5/11/2011,33.31,NaN,NaN
5/12/2011,33.58,NaN,NaN
5/13/2011,33.57,NaN,NaN
5/16/2011,32.37,NaN,NaN
5/17/2011,32.65,NaN,NaN
5/18/2011,32.88,NaN,NaN
5/19/2011,32.9,NaN,NaN
5/20/2011,32.48,NaN,NaN
5/23/2011,31.63,NaN,NaN
5/24/2011,30.82,NaN,NaN
5/25/2011,30.7,NaN,NaN
5/26/2011,30.66,NaN,NaN
5/27/2011,30.68,NaN,NaN
5/31/2011,31.17,NaN,NaN
6/1/2011,30.64,NaN,NaN
6/2/2011,31.28,NaN,NaN
6/3/2011,30.3,NaN,NaN
6/6/2011,29.56,NaN,NaN
6/7/2011,29.92,NaN,NaN
6/8/2011,30.57,NaN,NaN
6/9/2011,30.66,NaN,NaN
6/10/2011,29.96,NaN,NaN
6/13/2011,29.86,NaN,NaN
6/14/2011,29.76,NaN,NaN
6/15/2011,28.66,NaN,NaN
6/16/2011,28.47,NaN,NaN
6/17/2011,28.83,NaN,NaN
6/20/2011,28.82,NaN,NaN
6/21/2011,29.78,NaN,NaN
6/22/2011,29.35,NaN,NaN
6/23/2011,29.25,NaN,NaN
6/24/2011,28.35,NaN,NaN
6/27/2011,28.71,NaN,NaN
6/28/2011,28.96,NaN,NaN
6/29/2011,30.86,NaN,NaN
6/30/2011,32.27,NaN,NaN
7/1/2011,32.74,NaN,NaN
7/5/2011,32.64,NaN,NaN
7/6/2011,32.92,NaN,NaN
7/7/2011,33.33,NaN,NaN
7/8/2011,33.42,NaN,NaN
7/11/2011,32.91,NaN,NaN
7/12/2011,32.26,NaN,NaN
7/13/2011,32.38,NaN,NaN
7/14/2011,32.19,NaN,NaN
7/15/2011,32.81,NaN,NaN
7/18/2011,32.7,NaN,NaN
7/19/2011,33.76,NaN,NaN
7/20/2011,33.17,NaN,NaN
7/21/2011,33.44,NaN,NaN
7/22/2011,33.5,NaN,NaN
7/25/2011,33.8,NaN,NaN
7/26/2011,34.42,NaN,NaN
7/27/2011,33.36,NaN,NaN
7/28/2011,33.35,NaN,NaN
7/29/2011,32.75,NaN,NaN
8/1/2011,33.02,NaN,NaN
8/2/2011,31.75,NaN,NaN
8/3/2011,32.25,NaN,NaN
8/4/2011,30.04,NaN,NaN
8/5/2011,29.3,NaN,NaN
8/8/2011,26.95,NaN,NaN
8/9/2011,30.16,NaN,NaN
8/10/2011,29.15,NaN,NaN
8/11/2011,30.2,NaN,NaN
8/12/2011,30.53,NaN,NaN
8/15/2011,30.89,NaN,NaN
8/16/2011,30.36,NaN,NaN
8/17/2011,30.25,NaN,NaN
8/18/2011,27.94,NaN,NaN
8/19/2011,27.16,NaN,NaN
8/22/2011,27.36,NaN,NaN
8/23/2011,28.92,NaN,NaN
8/24/2011,29.05,NaN,NaN
8/25/2011,28.33,NaN,NaN
8/26/2011,29.46,NaN,NaN
8/29/2011,30.49,NaN,NaN
8/30/2011,30.95,NaN,NaN
8/31/2011,30.87,NaN,NaN
9/1/2011,30.39,NaN,NaN
9/2/2011,29.41,NaN,NaN
9/6/2011,29.27,NaN,NaN
9/7/2011,29.75,NaN,NaN
9/8/2011,30.51,NaN,NaN
9/9/2011,28.46,NaN,NaN
9/12/2011,29.42,NaN,NaN
9/13/2011,29.4,NaN,NaN
9/14/2011,30.14,NaN,NaN
9/15/2011,32.04,NaN,NaN
9/16/2011,33.69,NaN,NaN
9/19/2011,33.1,NaN,NaN
9/20/2011,32.73,NaN,NaN
9/21/2011,32.24,NaN,NaN
9/22/2011,31.67,NaN,NaN
9/23/2011,32.08,NaN,NaN
9/26/2011,32.55,NaN,NaN
9/27/2011,32.52,NaN,NaN
9/28/2011,31.64,NaN,NaN
9/29/2011,30.67,NaN,NaN
9/30/2011,29.49,NaN,NaN
10/3/2011,28.11,NaN,NaN
10/4/2011,29.35,NaN,NaN
10/5/2011,30.53,NaN,NaN
10/6/2011,31.44,NaN,NaN
10/7/2011,31.07,NaN,NaN
10/10/2011,32.3,NaN,NaN
10/11/2011,32.83,NaN,NaN
10/12/2011,32.75,NaN,NaN
10/13/2011,32.74,NaN,NaN
10/14/2011,33.69,NaN,NaN
10/17/2011,33.22,NaN,NaN
10/18/2011,33.87,NaN,NaN
10/19/2011,33.18,NaN,NaN
10/20/2011,32.15,NaN,NaN
10/21/2011,32.12,NaN,NaN
10/24/2011,32.37,NaN,NaN
10/25/2011,31.67,NaN,NaN
10/26/2011,31.08,NaN,NaN
10/27/2011,32.29,NaN,NaN
10/28/2011,33.25,NaN,NaN
10/31/2011,31.83,NaN,NaN
11/1/2011,30.89,NaN,NaN
11/2/2011,31.78,NaN,NaN
11/3/2011,33.05,NaN,NaN
11/4/2011,32.71,NaN,NaN
11/7/2011,32.47,NaN,NaN
11/8/2011,32.92,NaN,NaN
11/9/2011,31.18,NaN,NaN
11/10/2011,30.75,NaN,NaN
11/11/2011,31.76,NaN,NaN
11/14/2011,31.41,NaN,NaN
11/15/2011,31.45,NaN,NaN
11/16/2011,30.54,NaN,NaN
11/17/2011,29.65,NaN,NaN
11/18/2011,29.81,NaN,NaN
11/21/2011,28.75,NaN,NaN
11/22/2011,29.04,NaN,NaN
11/23/2011,28.55,NaN,NaN
11/25/2011,28.23,NaN,NaN
11/28/2011,29.66,NaN,NaN
11/29/2011,28.75,NaN,NaN
11/30/2011,29.59,NaN,NaN
12/1/2011,29.68,NaN,NaN
12/2/2011,29.6,NaN,NaN
12/5/2011,30.7,NaN,NaN
12/6/2011,30.9,NaN,NaN
12/7/2011,30.94,NaN,NaN
12/8/2011,31.03,NaN,NaN
12/9/2011,31.64,NaN,NaN
12/12/2011,31.13,NaN,NaN
12/13/2011,30.84,NaN,NaN
12/14/2011,30.27,NaN,NaN
12/15/2011,29.6,NaN,NaN
12/16/2011,30.4,NaN,NaN
12/19/2011,29.77,NaN,NaN
12/20/2011,30.63,NaN,NaN
12/21/2011,30.34,NaN,NaN
12/22/2011,30.61,NaN,NaN
12/23/2011,30.84,NaN,NaN
12/27/2011,30.92,NaN,NaN
12/28/2011,30.41,NaN,NaN
12/29/2011,30.36,NaN,NaN
12/30/2011,30.33,NaN,NaN
1/3/2012,31.34,NaN,NaN
1/4/2012,30.16,NaN,NaN
1/5/2012,30.71,NaN,NaN
1/6/2012,30.63,NaN,NaN
1/9/2012,30.51,NaN,NaN
1/10/2012,31.2,NaN,NaN
1/11/2012,31.52,NaN,NaN
1/12/2012,31.58,NaN,NaN
1/13/2012,30.62,NaN,NaN
1/17/2012,30.53,NaN,NaN
1/18/2012,30.34,NaN,NaN
1/19/2012,31.51,NaN,NaN
1/20/2012,31.93,NaN,NaN
1/23/2012,31.99,NaN,NaN
1/24/2012,31.95,NaN,NaN
1/25/2012,31.94,NaN,NaN
1/26/2012,31.71,NaN,NaN
1/27/2012,31.85,NaN,NaN
1/30/2012,31.58,NaN,NaN
1/31/2012,31.6,NaN,NaN
2/1/2012,32.2,NaN,NaN
2/2/2012,32.7,NaN,NaN
2/3/2012,32.95,NaN,NaN
2/6/2012,32.64,NaN,NaN
2/7/2012,32.87,NaN,NaN
2/8/2012,33.05,NaN,NaN
2/9/2012,33.26,NaN,NaN
2/10/2012,33.03,NaN,NaN
2/13/2012,33.16,NaN,NaN
2/14/2012,32.96,NaN,NaN
2/15/2012,33.31,NaN,NaN
2/16/2012,34.51,NaN,NaN
2/17/2012,35.06,NaN,NaN
2/21/2012,35.14,NaN,NaN
2/22/2012,34.67,NaN,NaN
2/23/2012,36.02,NaN,NaN
2/24/2012,36.36,NaN,NaN
2/27/2012,36.56,NaN,NaN
2/28/2012,36.62,NaN,NaN
2/29/2012,35.74,NaN,NaN
3/1/2012,36.37,NaN,NaN
3/2/2012,36.25,NaN,NaN
3/5/2012,35.72,NaN,NaN
3/6/2012,35.11,NaN,NaN
3/7/2012,35.59,NaN,NaN
3/8/2012,35.78,NaN,NaN
3/9/2012,36.25,NaN,NaN
3/12/2012,36.18,NaN,NaN
3/13/2012,37.33,NaN,NaN
3/14/2012,37.62,NaN,NaN
3/15/2012,36.83,NaN,NaN
3/16/2012,37.69,NaN,NaN
3/19/2012,37.79,NaN,NaN
3/20/2012,37.39,NaN,NaN
3/21/2012,37.42,NaN,NaN
3/22/2012,37.62,NaN,NaN
3/23/2012,37.09,NaN,NaN
3/26/2012,38.08,NaN,NaN
3/27/2012,37.87,NaN,NaN
3/28/2012,37.24,NaN,NaN
3/29/2012,36.99,NaN,NaN
3/30/2012,36.9,NaN,NaN
4/2/2012,36.59,NaN,15.46
4/3/2012,36.63,NaN,15.18
4/4/2012,35.73,NaN,15.27
4/5/2012,35.62,NaN,15.07
4/9/2012,36.3,NaN,15.1
4/10/2012,35.47,NaN,14.99
4/11/2012,35.76,NaN,14.88
4/12/2012,36.46,NaN,15.06
4/13/2012,36.12,NaN,14.87
4/16/2012,35.5,NaN,14.79
4/17/2012,36.08,NaN,15.01
4/18/2012,35.87,NaN,15.49
4/19/2012,40.62,NaN,15.4
4/20/2012,40.29,NaN,15.6
4/23/2012,39.65,NaN,15.33
4/24/2012,39.3,NaN,15.43
4/25/2012,39.86,NaN,15.5
4/26/2012,41.05,NaN,15.53
4/27/2012,41.23,NaN,15.57
4/30/2012,41.02,NaN,15.54
5/1/2012,40.75,NaN,15.63
5/2/2012,41.16,NaN,15.67
5/3/2012,40.38,NaN,15.4
5/4/2012,39.44,NaN,15.15
5/7/2012,40.07,NaN,15.35
5/8/2012,40.19,NaN,15.36
5/9/2012,40.56,NaN,15.3
5/10/2012,41.21,NaN,15.44
5/11/2012,40.74,NaN,15.19
5/14/2012,40.25,NaN,15.5
5/15/2012,40.05,NaN,15.4
5/16/2012,39.86,NaN,15.28
5/17/2012,39.03,NaN,14.87
5/18/2012,38.36,NaN,15.42
5/21/2012,39.51,NaN,15.58
5/22/2012,39.22,NaN,15.29
5/23/2012,39.68,NaN,15.38
5/24/2012,39.66,NaN,15.35
5/25/2012,40.35,NaN,15.36
5/29/2012,41.49,NaN,15.47
5/30/2012,39.59,NaN,15.25
5/31/2012,39.19,NaN,15.24
6/1/2012,38.82,NaN,14.92
6/4/2012,39.16,NaN,15.01
6/5/2012,39.76,NaN,15.1
6/6/2012,40.94,NaN,15.36
6/7/2012,40.9,NaN,15.36
6/8/2012,41.05,NaN,15.65
6/11/2012,40.93,NaN,15.3
6/12/2012,40.91,NaN,15.47
6/13/2012,40.17,NaN,15.34
6/14/2012,40.13,NaN,15.36
6/15/2012,40.67,NaN,15.36
6/18/2012,42.49,NaN,15.49
6/19/2012,43.5,NaN,15.65
6/20/2012,42.95,NaN,15.74
6/21/2012,41.83,NaN,15.52
6/22/2012,42.8,NaN,15.61
6/25/2012,41.81,NaN,15.44
6/26/2012,42.5,NaN,15.35
6/27/2012,42.29,NaN,15.52
6/28/2012,40.78,NaN,15.45
6/29/2012,42.01,NaN,15.83
7/2/2012,41.22,NaN,15.84
7/3/2012,41.2,NaN,15.98
7/5/2012,40.93,NaN,15.85
7/6/2012,40.41,NaN,15.78
7/9/2012,40.68,NaN,15.75
7/10/2012,39.68,NaN,15.82
7/11/2012,39.13,NaN,15.8
7/12/2012,39.31,NaN,15.69
7/13/2012,39.95,NaN,15.74
7/16/2012,38.6,NaN,15.65
7/17/2012,39.07,NaN,15.6
7/18/2012,40.46,NaN,15.7
7/19/2012,43.95,NaN,15.73
7/20/2012,44.85,NaN,15.92
7/23/2012,44.24,NaN,15.76
7/24/2012,43.52,NaN,15.43
7/25/2012,43.19,NaN,15.5
7/26/2012,43.79,NaN,15.8
7/27/2012,45.22,NaN,16.11
7/30/2012,45.6,NaN,15.98
7/31/2012,44.3,NaN,15.84
8/1/2012,43.89,NaN,15.99
8/2/2012,43.77,NaN,15.75
8/3/2012,44.5,NaN,15.97
8/6/2012,44.77,NaN,16.04
8/7/2012,45.61,NaN,16.22
8/8/2012,44.94,NaN,16.17
8/9/2012,44.27,NaN,16.01
8/10/2012,43.99,NaN,15.15
8/13/2012,45.32,NaN,15.02
8/14/2012,45.36,NaN,14.73
8/15/2012,44.98,NaN,14.76
8/16/2012,45.79,NaN,14.99
8/17/2012,46.87,NaN,15.03
8/20/2012,46.4,NaN,14.96
8/21/2012,45.85,NaN,14.97
8/22/2012,47,NaN,14.92
8/23/2012,46.81,NaN,14.87
8/24/2012,47.1,NaN,14.92
8/27/2012,46.98,NaN,14.85
8/28/2012,46.94,NaN,14.72
8/29/2012,47.49,NaN,14.84
8/30/2012,46.55,NaN,14.67
8/31/2012,47.47,NaN,14.65
9/4/2012,47.36,NaN,14.89
9/5/2012,47.16,NaN,15.09
9/6/2012,48.91,NaN,15.11
9/7/2012,49.24,NaN,15.22
9/10/2012,48.53,NaN,15.11
9/11/2012,48.33,NaN,15.16
9/12/2012,47.99,NaN,15.4
9/13/2012,48.88,NaN,15.6
9/14/2012,49.97,NaN,15.77
9/17/2012,50.48,NaN,15.68
9/18/2012,49.96,NaN,15.91
9/19/2012,50.39,NaN,15.86
9/20/2012,50.08,NaN,15.79
9/21/2012,49.47,NaN,15.74
9/24/2012,49.31,NaN,16
9/25/2012,48.03,NaN,15.68
9/26/2012,47.54,NaN,15.61
9/27/2012,49.12,NaN,16.04
9/28/2012,48.37,NaN,15.98
10/1/2012,48.23,NaN,15.83
10/2/2012,48.4,NaN,15.94
10/3/2012,48.59,NaN,16.21
10/4/2012,49.49,NaN,16.27
10/5/2012,48.73,NaN,16.09
10/8/2012,47.92,NaN,16.03
10/9/2012,46.22,NaN,15.85
10/10/2012,46.76,NaN,15.83
10/11/2012,47.49,NaN,15.92
10/12/2012,47.85,NaN,15.88
10/15/2012,47.4,NaN,15.68
10/16/2012,48.24,NaN,15.92
10/17/2012,48.2,NaN,16.09
10/18/2012,50.83,NaN,16
10/19/2012,49.97,NaN,15.84
10/22/2012,50.15,NaN,15.77
10/23/2012,49.35,NaN,16.67
10/24/2012,48.88,NaN,16.55
10/25/2012,48.34,NaN,16.61
10/26/2012,49.51,NaN,16.79
10/31/2012,48.26,NaN,16.84
11/1/2012,49.22,NaN,16.95
11/2/2012,48.69,NaN,17.11
11/5/2012,49.35,NaN,17.37
11/6/2012,49.49,NaN,17.46
11/7/2012,48.4,NaN,17.39
11/8/2012,47.87,NaN,17.24
11/9/2012,47.73,NaN,17.26
11/12/2012,47.47,NaN,17.51
11/13/2012,47.74,NaN,17.85
11/14/2012,46.47,NaN,17.83
11/15/2012,46.52,NaN,17.89
11/16/2012,47.26,NaN,17.86
11/19/2012,47.92,NaN,18.36
11/20/2012,48.26,NaN,18.24
11/21/2012,48.63,NaN,18.4
11/23/2012,49.01,NaN,18.57
11/26/2012,51.4,NaN,18.76
11/27/2012,51.15,NaN,18.93
11/28/2012,51.47,NaN,18.91
11/29/2012,52.2,NaN,18.87
11/30/2012,52.82,NaN,18.77
12/3/2012,52.04,NaN,18.55
12/4/2012,51.99,NaN,18.93
12/5/2012,52.02,NaN,18.89
12/6/2012,51.99,NaN,19.2
12/7/2012,51.74,NaN,19.2
12/10/2012,51.17,NaN,19.43
12/11/2012,51.99,NaN,19.52
12/12/2012,51.86,NaN,19.38
12/13/2012,51.02,NaN,19.35
12/14/2012,50.36,NaN,19.64
12/17/2012,51.31,NaN,19.69
12/18/2012,51.91,NaN,19.62
12/19/2012,51.34,NaN,19.6
12/20/2012,52.14,NaN,19.69
12/21/2012,51.35,NaN,19.35
12/24/2012,51.08,NaN,19.65
12/26/2012,50.24,NaN,19.57
12/27/2012,50.29,NaN,19.6
12/28/2012,49.81,NaN,19.5
12/31/2012,51,NaN,19.9
1/2/2013,NaN,12.72,20.08
1/3/2013,NaN,12.73,19.78
1/4/2013,NaN,13.15,19.86
1/7/2013,NaN,12.77,19.4
1/8/2013,NaN,12.49,19.66
1/9/2013,NaN,12.21,19.32
1/10/2013,NaN,12.23,18.99
1/11/2013,NaN,12.21,19.29
1/14/2013,NaN,12.2,19.43
1/15/2013,NaN,11.98,19.52
1/16/2013,NaN,12.09,20.07
1/17/2013,NaN,12.25,20.13
1/18/2013,NaN,12.17,20.02
1/22/2013,NaN,12.11,19.9
1/23/2013,NaN,12.13,20.11
1/24/2013,NaN,12.19,20.44
1/25/2013,NaN,12.41,20.37
1/28/2013,NaN,12.61,20.31
1/29/2013,NaN,12.34,19.7
1/30/2013,NaN,12.32,20.12
1/31/2013,NaN,12.26,19.63
2/1/2013,NaN,12.37,19.76
2/4/2013,NaN,12.16,19.34
2/5/2013,NaN,12.44,19.66
2/6/2013,NaN,12.34,19.85
2/7/2013,NaN,12.29,20.32
2/8/2013,NaN,12.37,20.5
2/11/2013,NaN,12.51,20.9
2/12/2013,NaN,12.43,21.21
2/13/2013,NaN,12.37,21.15
2/14/2013,NaN,12.73,21.18
2/15/2013,NaN,12.73,21.02
2/19/2013,NaN,12.56,21.29
2/20/2013,NaN,12.38,20.92
2/21/2013,NaN,12.29,20.83
2/22/2013,NaN,12.52,21.22
2/25/2013,NaN,12.3,20.73
2/26/2013,NaN,12.37,20.76
2/27/2013,NaN,12.6,21.16
2/28/2013,NaN,12.66,21.31
3/1/2013,NaN,12.71,21.94
3/4/2013,NaN,12.66,22.7
3/5/2013,NaN,12.8,22.95
3/6/2013,NaN,12.79,22.8
3/7/2013,NaN,12.76,22.7
3/8/2013,NaN,12.82,22.9
3/11/2013,NaN,12.7,22.6
3/12/2013,NaN,12.74,22.4
3/13/2013,NaN,12.74,22.34
3/14/2013,NaN,12.75,22.43
3/15/2013,NaN,12.64,22.07
3/18/2013,NaN,12.55,22.01
3/19/2013,NaN,12.47,22.17
3/20/2013,NaN,12.62,22.1
3/21/2013,NaN,12.42,22.86
3/22/2013,NaN,12.48,23.26
3/25/2013,NaN,12.41,23.38
3/26/2013,NaN,12.5,23.59
3/27/2013,NaN,12.65,23.59
3/28/2013,NaN,12.83,23.53
4/1/2013,NaN,12.41,23.5
4/2/2013,NaN,12.28,23.78
4/3/2013,NaN,12.13,23.38
4/4/2013,NaN,12.25,23.52
4/5/2013,NaN,12.46,23.3
4/8/2013,NaN,12.43,23.48
4/9/2013,NaN,12.63,23.83
4/10/2013,NaN,12.83,24.2
4/11/2013,NaN,12.77,24.49
4/12/2013,NaN,13.09,24.69
4/15/2013,NaN,12.82,23.98
4/16/2013,NaN,12.96,23.79
4/17/2013,NaN,12.79,23.7
4/18/2013,NaN,12.54,23.26
4/19/2013,NaN,12.57,23.47
4/22/2013,NaN,12.59,23.95
4/23/2013,NaN,12.92,24.38
4/24/2013,NaN,13.36,24.75
4/25/2013,NaN,13.47,25.2
4/26/2013,NaN,13.41,24.68
4/29/2013,NaN,13.57,24.43
4/30/2013,NaN,13.77,24.73
5/1/2013,NaN,13.65,24.3
5/2/2013,NaN,13.81,24.97
5/3/2013,NaN,13.87,25.07
5/6/2013,NaN,13.83,25.17
5/7/2013,NaN,13.65,26.07
5/8/2013,NaN,13.9,26.41
5/9/2013,NaN,13.91,26.24
5/10/2013,NaN,14.54,26.83
5/13/2013,NaN,14.24,26.39
5/14/2013,NaN,14.45,26.64
5/15/2013,NaN,14.7,27.34
5/16/2013,NaN,14.63,26.58
5/17/2013,NaN,14.87,26.52
5/20/2013,NaN,14.84,26.58
5/21/2013,NaN,14.92,27
5/22/2013,NaN,14.4,26.54
5/23/2013,NaN,14.63,26.02
5/24/2013,NaN,14.54,26.33
5/28/2013,NaN,14.53,26.07
5/29/2013,NaN,14.44,25.81
5/30/2013,NaN,14.63,26.33
5/31/2013,NaN,14.47,26.3
6/3/2013,NaN,14.45,26.39
6/4/2013,NaN,14.47,26.26
6/5/2013,NaN,14.16,25.75
6/6/2013,NaN,14.25,26.21
6/7/2013,NaN,14.45,27.04
6/10/2013,NaN,14.44,26.74
6/11/2013,NaN,14.17,26.4
6/12/2013,NaN,14.05,25.89
6/13/2013,NaN,14.37,26.37
6/14/2013,NaN,14.35,26.28
6/17/2013,NaN,14.49,26.54
6/18/2013,NaN,14.4,26.66
6/19/2013,NaN,14.84,26.24
6/20/2013,NaN,14.44,25.35
6/21/2013,NaN,14.42,25.19
6/24/2013,NaN,14.12,24.07
6/25/2013,NaN,14.22,24.96
6/26/2013,NaN,14.14,25.29
6/27/2013,NaN,14.01,25.47
6/28/2013,NaN,14.04,25.13
7/1/2013,NaN,14.1,25.24
7/2/2013,NaN,14.09,24.99
7/3/2013,NaN,14.13,25.59
7/5/2013,NaN,14.24,25.68
7/8/2013,NaN,14.17,25.53
7/9/2013,NaN,14.24,26.68
7/10/2013,NaN,14.43,26.56
7/11/2013,NaN,14.63,27.04
7/12/2013,NaN,14.64,27.23
7/15/2013,NaN,14.61,27.34
7/16/2013,NaN,14.69,26.88
7/17/2013,NaN,14.61,29.66
7/18/2013,NaN,14.55,29.66
7/19/2013,NaN,14.24,29.11
7/22/2013,NaN,14.23,27.86
7/23/2013,NaN,14.21,27.36
7/24/2013,NaN,14.21,27.84
7/25/2013,NaN,14.26,28.27
7/26/2013,NaN,14.2,28.11
7/29/2013,NaN,14.17,27.93
7/30/2013,NaN,14.41,28.05
7/31/2013,NaN,14.44,28.09
8/1/2013,NaN,14.64,27.96
8/2/2013,NaN,14.76,27.65
8/5/2013,NaN,14.83,27.67
8/6/2013,NaN,14.61,27.32
8/7/2013,NaN,14.6,27.39
8/8/2013,NaN,14.7,27.48
8/9/2013,NaN,14.49,27.68
8/12/2013,NaN,14.37,28.35
8/13/2013,NaN,14.42,28.34
8/14/2013,NaN,15.03,28.05
8/15/2013,NaN,15.13,27.14
8/16/2013,NaN,15.19,27.32
8/19/2013,NaN,14.95,26.91
8/20/2013,NaN,14.95,27.12
8/21/2013,NaN,14.88,27.06
8/22/2013,NaN,14.96,27.9
8/23/2013,NaN,14.96,27.99
8/26/2013,NaN,14.99,27.7
8/27/2013,NaN,14.8,27
8/28/2013,NaN,14.8,27.11
8/29/2013,NaN,14.77,27.3
8/30/2013,NaN,14.75,27.12
9/3/2013,NaN,14.76,27.78
9/4/2013,NaN,14.9,28.07
9/5/2013,NaN,14.94,28.23
9/6/2013,NaN,14.88,28.17
9/9/2013,NaN,15.13,29.24
9/10/2013,NaN,15.45,29.48
9/11/2013,NaN,15.71,29.19
9/12/2013,NaN,15.7,29.65
9/13/2013,NaN,15.8,29.26
9/16/2013,NaN,15.81,29.62
9/17/2013,NaN,15.86,30
9/18/2013,NaN,16,30.44
9/19/2013,NaN,15.93,31.03
9/20/2013,NaN,15.79,30.93
9/23/2013,NaN,15.64,30.26
9/24/2013,NaN,15.7,31.27
9/25/2013,NaN,15.72,31.34
9/26/2013,NaN,15.67,32.75
9/27/2013,NaN,15.58,33.55
9/30/2013,NaN,15.56,33.17
10/1/2013,NaN,15.55,34.31
10/2/2013,NaN,15.54,34.14
10/3/2013,NaN,15.38,33.88
10/4/2013,NaN,15.59,34.89
10/7/2013,NaN,15.59,34.14
10/8/2013,NaN,15.46,32.93
10/9/2013,NaN,15.22,33.01
10/10/2013,NaN,15.39,33.87
10/11/2013,NaN,15.26,34.15
10/14/2013,NaN,15.49,34
10/15/2013,NaN,15.41,33.38
10/16/2013,NaN,15.6,33.09
10/17/2013,NaN,15.63,32.74
10/18/2013,NaN,15.81,33.43
10/21/2013,NaN,15.85,34.06
10/22/2013,NaN,15.77,33.94
10/23/2013,NaN,15.5,33.1
10/24/2013,NaN,15.39,33.08
10/25/2013,NaN,15.24,32.25
10/28/2013,NaN,15.21,32.35
10/29/2013,NaN,15.23,33.17
10/30/2013,NaN,15.22,32.57
10/31/2013,NaN,15.19,32.94
11/1/2013,NaN,15.26,33.18
11/4/2013,NaN,14.82,33.19
11/5/2013,NaN,14.8,32.97
11/6/2013,NaN,14.9,32.88
11/7/2013,NaN,14.55,32.11
11/8/2013,NaN,15.56,33.12
11/11/2013,NaN,15.69,33.82
11/12/2013,NaN,15.72,34.07
11/13/2013,NaN,16.15,35.1
11/14/2013,NaN,16.22,35.69
11/15/2013,NaN,16.17,35.47
11/18/2013,NaN,15.78,34.98
11/19/2013,NaN,15.44,34.63
11/20/2013,NaN,15.21,35.62
11/21/2013,NaN,15.33,36.3
11/22/2013,NaN,15.18,36.49
11/25/2013,NaN,15.51,36.29
11/26/2013,NaN,15.64,36.64
11/27/2013,NaN,15.7,36.96
11/29/2013,NaN,15.6,36.98
12/2/2013,NaN,15.75,37.01
12/3/2013,NaN,15.74,36.56
12/4/2013,NaN,15.96,38.13
12/5/2013,NaN,15.7,38.87
12/6/2013,NaN,15.47,38.86
12/9/2013,NaN,15.21,38.87
12/10/2013,NaN,15.56,40.22
12/11/2013,NaN,15.41,39.16
12/12/2013,NaN,15.11,39.35
12/13/2013,NaN,15.02,39.73
12/16/2013,NaN,15.04,39.73
12/17/2013,NaN,15.11,39.51
12/18/2013,NaN,15.32,40.04
12/19/2013,NaN,15.38,40.2
12/20/2013,NaN,15.69,40.12
12/23/2013,NaN,15.78,40.77
12/24/2013,NaN,15.82,40.85
12/26/2013,NaN,15.67,40.65
12/27/2013,NaN,15.76,40.49
12/30/2013,NaN,15.97,40.2
12/31/2013,NaN,16.02,40.44
1/2/2014,NaN,15.86,39.59
1/3/2014,NaN,15.67,40.12
1/6/2014,NaN,15.88,39.93
1/7/2014,NaN,16.14,40.92
1/8/2014,NaN,16.36,41.02
1/9/2014,NaN,15.75,40.92
1/10/2014,NaN,15.73,41.23
1/13/2014,NaN,15.36,39.99
1/14/2014,NaN,15.84,41.14
1/15/2014,NaN,16.01,41.07
1/16/2014,NaN,16.06,40.34
1/17/2014,NaN,15.99,40.01
1/21/2014,NaN,16.05,39.52
1/22/2014,NaN,16.03,40.18
1/23/2014,NaN,15.97,39.39
1/24/2014,NaN,15.56,37.91
1/27/2014,NaN,15.46,36.65
1/28/2014,NaN,15.61,38.22
1/29/2014,NaN,15.46,34.89
1/30/2014,NaN,15.72,35.31
1/31/2014,NaN,15.7,36.01
2/3/2014,52.39,15.49,34.9
2/4/2014,52.91,15.58,35.66
2/5/2014,53.52,15.44,35.49
2/6/2014,54.37,15.64,36.24
2/7/2014,54.59,15.87,37.23
2/10/2014,53.78,15.92,37.76
2/11/2014,54.31,16.25,38.5
2/12/2014,54.83,16.83,38.11
2/13/2014,54.92,17.36,38.52
2/14/2014,54.77,17.91,38.23
2/18/2014,55.15,17.9,38.31
2/19/2014,54.74,18.14,37.81
2/20/2014,54.96,18.78,37.79
2/21/2014,54.59,18.64,37.29
2/24/2014,56.3,18.91,37.42
2/25/2014,56.15,18.74,37.26
2/26/2014,57.34,18.71,37.62
2/27/2014,58.34,18.5,38.47
2/28/2014,58.77,18.38,38.67
3/3/2014,58.31,18.29,38.25
3/4/2014,59.06,18.48,39.63
3/5/2014,58.86,18.64,39.5
3/6/2014,59.3,18.38,39.66
3/7/2014,59.06,18.36,38.7
3/10/2014,58.22,18.09,38.05
3/11/2014,57.54,18.27,37.56
3/12/2014,57.98,18.32,37.5
3/13/2014,56.7,17.74,37.23
3/14/2014,56.74,17.82,37.6
3/17/2014,57.42,17.82,39.11
3/18/2014,57.84,18.24,39.45
3/19/2014,57.3,18.56,38.61
3/20/2014,57.12,18.57,37.77
3/21/2014,56.96,18.54,37.94
3/24/2014,56.54,18.45,36.68
3/25/2014,56.33,18.45,35.93
3/26/2014,55.6,18.03,35.45
3/27/2014,55.18,17.79,35.59
3/28/2014,55.19,17.9,35.9
3/31/2014,55.24,17.91,35.9
4/1/2014,56.04,18.65,36.49
4/2/2014,55.45,18.53,36.64
4/3/2014,54.58,18.73,35.76
4/4/2014,54,18.15,34.26
4/7/2014,52.95,18.21,33.07
4/8/2014,54.8,18.86,33.83
4/9/2014,55.89,18.84,34.87
4/10/2014,54.08,18.38,33.4
4/11/2014,53.46,18.12,32.87
4/14/2014,53.98,18.32,33.45
4/15/2014,53.9,18.45,34.21
4/16/2014,54.69,18.49,36.35
4/17/2014,54.97,18.56,36.38
4/21/2014,54.93,18.71,36.4
4/22/2014,55.47,18.87,36.14
4/23/2014,54.94,19.09,35.44
4/24/2014,54.84,19.26,35.24
4/25/2014,53.72,18.73,34.48
4/28/2014,53.64,18.65,33.99
4/29/2014,54.54,18.69,35.83
4/30/2014,51.83,18.47,35.95
5/1/2014,51.69,18.57,36.51
5/2/2014,52.01,18.43,36.87
5/5/2014,52,18.63,36.91
5/6/2014,50.95,18.25,36.49
5/7/2014,50.57,18.27,34.07
5/8/2014,50.26,18.5,33.92
5/9/2014,50.54,18.05,33.76
5/12/2014,51.33,18.58,34.45
5/13/2014,51.58,18.28,34.4
5/14/2014,51.65,18.1,34.17
5/15/2014,51.36,18,33.8
5/16/2014,51.95,17.96,33.41
5/19/2014,52.33,18.54,33.89
5/20/2014,51.96,18.24,33.87
5/21/2014,51.88,18.24,34.36
5/22/2014,51.5,18.32,34.7
5/23/2014,52.02,18.49,35.02
5/27/2014,51.77,18.82,35.12
5/28/2014,50.39,18.98,34.78
5/29/2014,50.14,18.95,34.9
5/30/2014,50.73,19,34.65
6/2/2014,50.49,18.94,34.87
6/3/2014,50.42,18.86,34.65
6/4/2014,50.45,18.88,34.73
6/5/2014,50.58,18.96,34.94
6/6/2014,49.7,19.03,35.92
6/9/2014,49.58,19.05,36.04
6/10/2014,48.25,19.15,36.31
6/11/2014,48.83,19.4,36.63
6/12/2014,48.56,19.52,36.78
6/13/2014,49.04,19.54,36.94
6/16/2014,49,19.48,34.81
6/17/2014,49.06,19.61,34.43
6/18/2014,49.66,19.59,34.94
6/19/2014,49.6,19.14,34.68
6/20/2014,49.34,18.93,34.05
6/23/2014,49.39,18.71,33.64
6/24/2014,48.85,18.42,33.48
6/25/2014,49.32,18.61,33.25
6/26/2014,49.47,18.36,33.66
6/27/2014,50.08,18.38,34.25
6/30/2014,50.06,18.54,35.13
7/1/2014,50.5,18.75,35.35
7/2/2014,50.55,18.68,35.88
7/3/2014,50.94,18.85,36.14
7/7/2014,50.74,18.7,35.52
7/8/2014,50.18,18.55,34.53
7/9/2014,50.93,19.11,34.85
7/10/2014,50.34,19.01,34.93
7/11/2014,51.5,19.05,35.43
7/14/2014,51.16,19.29,35.7
7/15/2014,50.82,19.37,35.61
7/16/2014,50.7,19.35,33.79
7/17/2014,51.03,19.3,33.21
7/18/2014,51.48,18.44,33.33
7/21/2014,51.7,18.55,33.28
7/22/2014,52.05,18.47,33.6
7/23/2014,52.66,18.08,34.71
7/24/2014,53.23,18.11,36.17
7/25/2014,52.75,17.79,36.12
7/28/2014,52.93,17.72,35.9
7/29/2014,53.21,17.78,35.68
7/30/2014,53.23,18.08,36.6
7/31/2014,52.83,17.5,35.81
8/1/2014,52.53,17.69,35.62
8/4/2014,53.06,17.65,36.53
8/5/2014,53.26,17.66,35.7
8/6/2014,53.46,17.64,35.79
8/7/2014,53.56,17.46,35.66
8/8/2014,54.09,19,35.91
8/11/2014,53.88,18.9,35.79
8/12/2014,53.43,18.9,35.52
8/13/2014,52.94,19.01,36.19
8/14/2014,52.93,18.8,36.36
8/15/2014,52.64,19.04,36.47
8/18/2014,53.11,19.3,37.38
8/19/2014,53.75,19.37,37.83
8/20/2014,53.4,19.25,37.5
8/21/2014,55.89,19.07,37.64
8/22/2014,55.5,19.08,38.01
8/25/2014,55.49,19.11,37.71
8/26/2014,56.25,19.45,37.79
8/27/2014,55.92,19.23,38.18
8/28/2014,55.43,19.39,38.31
8/29/2014,55.5,19.45,38.51
9/2/2014,54.88,19.5,39.27
9/3/2014,54.55,19.68,38.87
9/4/2014,54.44,20.03,39.19
9/5/2014,53.9,19.97,39.59
9/8/2014,54.23,19.79,41.81
9/9/2014,52.73,19.54,40.78
9/10/2014,51.1,19.61,41.14
9/11/2014,50.68,19.41,41.26
9/12/2014,52.19,19.12,42.88
9/15/2014,50.96,18.86,42.55
9/16/2014,51.61,19.14,42.71
9/17/2014,51.95,19.15,42.59
9/18/2014,52.7,19.44,42.09
9/19/2014,52.4,19.08,40.93
9/22/2014,52.47,18.89,38.65
9/23/2014,52.74,18.81,39.05
9/24/2014,52.93,18.92,39.88
9/25/2014,52.15,18.51,38.95
9/26/2014,52.93,18.55,40.66
9/29/2014,52.66,18.52,40.52
9/30/2014,56.63,18.45,40.75
10/1/2014,55.46,18.27,40.32
10/2/2014,54.86,18.19,40.5
10/3/2014,54.44,18.23,41.03
10/6/2014,53.55,18.12,41.52
10/7/2014,52.97,17.93,40.93
10/8/2014,54.51,18.26,41.08
10/9/2014,52.86,17.91,41.1
10/10/2014,51.86,16.85,39.6
10/13/2014,50.46,16.79,38.38
10/14/2014,50.59,17.18,37.97
10/15/2014,50.24,17.44,37.82
10/16/2014,47.88,17.45,38.12
10/17/2014,47.95,17.42,38.45
10/20/2014,49.2,17.57,39.28
10/21/2014,50.86,18.32,40.18
10/22/2014,50.13,17.89,42
10/23/2014,50.79,18.29,42.6
10/24/2014,51.12,18.48,43.5
10/27/2014,51.19,18.49,44.7
10/28/2014,51.2,18.93,45.87
10/29/2014,51.33,18.81,45.43
10/30/2014,51.55,18.69,45.63
10/31/2014,52.5,19.54,46.05
11/3/2014,52.7,19.87,46.34
11/4/2014,53.27,20.13,47.08
11/5/2014,53.59,20.13,47.46
11/6/2014,53.26,20.22,47.93
11/7/2014,53.52,19.79,48.55
11/10/2014,53.89,20.02,49.41
11/11/2014,54.19,19.78,49.05
11/12/2014,54.06,19.65,50.6
11/13/2014,54.37,19.55,50.5
11/14/2014,54.36,19.79,51.75
11/17/2014,54.83,19.7,52.37
11/18/2014,55.38,20.17,51.75
11/19/2014,54.94,20.01,50.58
11/20/2014,54.54,20.34,51.25
11/21/2014,54.42,20.45,51.04
11/24/2014,54.39,20.58,51.83
11/25/2014,54.4,20.57,51.72
11/26/2014,54.57,20.92,51.93
11/28/2014,54.88,20.97,51.74
12/1/2014,54.87,20.58,50.1
12/2/2014,55.02,20.61,50.67
12/3/2014,54.81,21.14,50.28
12/4/2014,54.67,20.95,50.41
12/5/2014,54.81,21.07,50.99
12/8/2014,55.15,20.8,49.62
12/9/2014,55.4,20.73,50.51
12/10/2014,55.27,20.27,49.21
12/11/2014,56.79,20.26,49.94
12/12/2014,55.77,19.63,50.24
12/15/2014,55.44,19.57,49.82
12/16/2014,55.94,19.35,48.85
12/17/2014,56.41,20.14,50.12
12/18/2014,57.53,20.22,50.91
12/19/2014,57.14,20.42,50.88
12/22/2014,57.33,20.78,51.15
12/23/2014,57.23,20.65,50.02
12/24/2014,57.1,20.57,50.65
12/26/2014,57.04,20.59,50.86
12/29/2014,57.03,20.56,50.53
12/30/2014,57.22,20.37,51.22
12/31/2014,56.12,20.05,50.51
1/2/2015,56.21,20.13,50.17
1/5/2015,55.74,19.79,49.13
1/6/2015,55.02,19.19,49.21
1/7/2015,54.93,19.14,48.59
1/8/2015,56.41,19.86,50.23
1/9/2015,55.63,19.94,49.72
1/12/2015,55.2,19.69,48.8
1/13/2015,55.13,19.66,48.3
1/14/2015,54.03,19.74,47.51
1/15/2015,53.02,19.6,46.23
1/16/2015,53.66,19.96,46.47
1/20/2015,53.68,20.02,47.63
1/21/2015,53.38,20.3,48.18
1/22/2015,57.15,20.65,48.89
1/23/2015,56.76,20.71,48.95
1/26/2015,56.06,20.62,49.44
1/27/2015,54.69,19.63,47.99
1/28/2015,53.84,19.31,46.46
1/29/2015,53.96,19.78,43.73
1/30/2015,53,19.2,43.99
2/2/2015,53.71,19.62,44.69
2/3/2015,54.25,20.11,44.7
2/4/2015,53.71,20.16,44.05
2/5/2015,54.29,20.49,43.55
2/6/2015,54.5,20.4,42.94
2/9/2015,54.33,20.38,42.57
2/10/2015,55.27,20.95,43.07
2/11/2015,55.14,20.81,42.96
2/12/2015,54.74,22.3,43.93
2/13/2015,56.47,22.31,44.42
2/17/2015,56.42,22.38,43.53
2/18/2015,56.9,22.12,43.65
2/19/2015,57.65,22.18,44.37
2/20/2015,58.02,22.34,44.11
2/23/2015,58.07,22.16,43.53
2/24/2015,58.4,22.31,43.38
2/25/2015,58.35,22.14,44.43
2/26/2015,58.54,22.2,44.45
2/27/2015,57.91,22.06,44.28
3/2/2015,58.38,22.6,44.11
3/3/2015,58.26,22.18,42.62
3/4/2015,58.31,22.43,43.99
3/5/2015,59.08,22.86,44.16
3/6/2015,59.87,22.55,43.44
3/9/2015,60.81,22.61,42.98
3/10/2015,59.21,23,42.68
3/11/2015,59.68,22.88,42.5
3/12/2015,59.41,22.67,42.95
3/13/2015,59.07,22.7,42.87
3/16/2015,59.57,22.97,43.51
3/17/2015,59.49,23.25,43.79
3/18/2015,58.43,22.87,44.67
3/19/2015,57.88,23.22,44.98
3/20/2015,57.93,23.47,45.04
3/23/2015,58.62,22.71,44.72
3/24/2015,59.51,22.4,44.42
3/25/2015,58.06,21.04,44.2
3/26/2015,57.52,20.97,44.47
3/27/2015,57.63,21.38,45.1
3/30/2015,57.93,21.47,44.95
3/31/2015,57.68,20.93,44.44
4/1/2015,57.13,21.01,44.13
4/2/2015,56.91,21.06,44.15
4/6/2015,56.82,21.67,43.67
4/7/2015,57.08,21.86,43.61
4/8/2015,57.11,22.02,45.17
4/9/2015,57.01,22.53,45.63
4/10/2015,57.34,22.76,45.18
4/13/2015,56.94,22.55,44.77
4/14/2015,56.95,22.36,45.53
4/15/2015,57.02,22.63,45.73
4/16/2015,57.04,22.49,45.78
4/17/2015,55.79,22.2,44.45
4/20/2015,56.07,22.09,44.66
4/21/2015,56.42,22.06,44.49
4/22/2015,56.75,22.31,43.98
4/23/2015,58.89,22.22,43.7
4/24/2015,59.2,22.03,44.52
4/27/2015,59.09,22.2,44.36
4/28/2015,59.48,22.31,44.34
4/29/2015,58.88,22.14,43.28
4/30/2015,58.26,22.2,42.57
5/1/2015,59.3,22.75,42.51
5/4/2015,59.11,22.61,42.04
5/5/2015,57.94,22.03,41.3
5/6/2015,57.49,22.1,41.66
5/7/2015,57.96,22.49,43.87
5/8/2015,58.82,20.83,44.09
5/11/2015,58.34,20.63,43.6
5/12/2015,58.3,20.83,43.84
5/13/2015,58.81,20.95,44.4
5/14/2015,60.1,21.29,44.95
5/15/2015,59.41,21.3,44.75
5/18/2015,59.46,21.27,44.36
5/19/2015,59.25,21.04,40.98
5/20/2015,59.15,21.04,42.79
5/21/2015,59.74,20.89,43.68
5/22/2015,59.72,20.86,43.49
5/26/2015,58.73,20.73,42.85
5/27/2015,59.38,21.84,43.38
5/28/2015,60.56,22.14,43.07
5/29/2015,61.36,22.13,42.94
6/1/2015,62.56,22.38,43.35
6/2/2015,62,21.94,43.15
6/3/2015,62.01,21.7,43.21
6/4/2015,62.49,22.09,42.88
6/5/2015,63.23,22.26,42.81
6/8/2015,60.85,21.75,42.01
6/9/2015,60.41,21.86,41.63
6/10/2015,60.47,21.47,42.06
6/11/2015,60.45,21.7,40.94
6/12/2015,60.02,21.11,40.53
6/15/2015,60,21.07,40.47
6/16/2015,60.52,21.33,40.64
6/17/2015,60.55,21.58,40.96
6/18/2015,60.69,21.94,40.91
6/19/2015,61.17,21.87,40.51
6/22/2015,61.75,21.78,40.73
6/23/2015,61.93,21.22,40.65
6/24/2015,61.61,21.01,40.94
6/25/2015,61.6,21.17,41.07
6/26/2015,61.04,20.74,40.06
6/29/2015,59.37,20.12,38.91
6/30/2015,60.24,20.11,39.29
7/1/2015,60.43,20.4,39.33
7/2/2015,61.85,20.42,39.38
7/6/2015,61.76,20.17,38.61
7/7/2015,61.98,19.79,38.23
7/8/2015,60.99,19.65,37.23
7/9/2015,61.77,19.41,37.61
7/10/2015,62.37,19.75,37.92
7/13/2015,63.47,19.88,38.76
7/14/2015,63.59,19.89,38.63
7/15/2015,63.44,19.75,38.38
7/16/2015,65.59,20.19,38.91
7/17/2015,66.29,20.07,39.68
7/20/2015,28.57,19.7,39.54
7/21/2015,28.6,19.79,39.73
7/22/2015,28.45,19.41,39.24
7/23/2015,28.43,19.65,39.21
7/24/2015,28.23,19.42,38.85
7/27/2015,28,19.31,37.84
7/28/2015,28.33,19.73,37.72
7/29/2015,28.75,19.97,37.67
7/30/2015,28.37,20.02,37.42
7/31/2015,28.12,19.95,36.67
8/3/2015,28.33,20.29,36.69
8/4/2015,28.41,20.37,37.12
8/5/2015,28.56,20.58,37.25
8/6/2015,28.16,20.45,36.46
8/7/2015,28.55,22.98,36.67
8/10/2015,28.66,23.78,37.15
8/11/2015,28.14,23.66,36.03
8/12/2015,28.01,23.72,34.49
8/13/2015,27.99,23.52,35.93
8/14/2015,28.26,23.54,36.24
8/17/2015,28.29,23.39,36.1
8/18/2015,27.77,23.08,35.69
8/19/2015,27.43,22.99,35.19
8/20/2015,26.52,22.16,34.1
8/21/2015,25.77,21.47,32.93
8/24/2015,24.93,20.71,31.31
8/25/2015,25.23,20.28,31.74
8/26/2015,26.17,21.81,32.52
8/27/2015,27.1,22.63,33.69
8/28/2015,27.25,22.73,33.14
8/31/2015,27.11,22.48,32.24
9/1/2015,26.48,21.56,31.6
9/2/2015,26.87,22.21,31.77
9/3/2015,27.04,22.27,32.54
9/4/2015,26.48,21.75,31.58
9/8/2015,26.36,22.68,30.9
9/9/2015,26.2,22.23,31.52
9/10/2015,26.15,22.58,31.15
9/11/2015,26.32,22.65,31.43
9/14/2015,25.75,22.69,30.32
9/15/2015,25.98,22.94,31.04
9/16/2015,26.74,23.1,31.4
9/17/2015,26.27,23.31,30.93
9/18/2015,26.02,23.29,30.74
9/21/2015,25.92,23.53,31.17
9/22/2015,25.61,22.89,30.4
9/23/2015,25.59,23,29.74
9/24/2015,25.61,23.44,29.34
9/25/2015,25.33,23.61,29.13
9/28/2015,24.14,23.3,27.6
9/29/2015,24.08,23.71,28.26
9/30/2015,24.44,24.65,28.91
10/1/2015,24.91,24.17,28.91
10/2/2015,25.53,24.8,30.71
10/5/2015,25.74,25.42,30.85
10/6/2015,25.68,25.75,30.96
10/7/2015,25.68,26.02,31.87
10/8/2015,24.15,26.17,32.37
10/9/2015,24.3,26.07,32.52
10/12/2015,24.56,26.35,32.86
10/13/2015,24.62,26.4,32.34
10/14/2015,24,27.36,32.09
10/15/2015,24.51,27.43,33.48
10/16/2015,24.55,27.86,33.37
10/19/2015,24.56,27.81,33.5
10/20/2015,24.42,27.77,32.83
10/21/2015,24.21,27.41,31.12
10/22/2015,27.58,28.4,31.67
10/23/2015,28.16,28.59,33.17
10/26/2015,28.17,28.46,33.4
10/27/2015,28.37,28.44,34.3
10/28/2015,28.25,28.67,35.19
10/29/2015,28.18,27.68,35.05
10/30/2015,27.9,28.37,35.62
11/2/2015,28.5,28.7,35.27
11/3/2015,28.9,28.5,34.72
11/4/2015,29.3,28.03,35.07
11/5/2015,29.3,27.71,35.12
11/6/2015,29.4,31.55,34.2
11/9/2015,29.18,31.41,33.68
11/10/2015,29.14,30.81,33.99
11/11/2015,28.95,30.51,33.38
11/12/2015,28.56,30.4,33.23
11/13/2015,28.19,29.8,32.19
11/16/2015,28.48,30.4,32.95
11/17/2015,28.45,30.4,32.86
11/18/2015,28.75,31.03,32.98
11/19/2015,28.77,31.12,32.63
11/20/2015,29.06,31.39,33.11
11/23/2015,28.84,30.92,33.36
11/24/2015,29,31.17,32.96
11/25/2015,29,31.13,33.16
11/27/2015,29.1,31.39,32.94
11/30/2015,29.59,31.72,33.81
12/1/2015,29.05,32.75,33.71
12/2/2015,28.97,32.5,35.65
12/3/2015,28.59,32.43,34.34
12/4/2015,29.35,33.75,34.91
12/7/2015,29.05,33.11,34.68
12/8/2015,28.79,33.56,34.85
12/9/2015,28.34,32.71,34.4
12/10/2015,28.57,32.98,34.63
12/11/2015,27.97,32.49,32.91
12/14/2015,28.04,32.57,32.59
12/15/2015,28.31,32.97,33.03
12/16/2015,28.57,33.17,33.78
12/17/2015,28.05,32.67,33.23
12/18/2015,27.46,32.14,32.95
12/21/2015,27.59,32.9,32.97
12/22/2015,27.89,32.93,34.19
12/23/2015,27.78,33.06,34.45
12/24/2015,27.66,33.17,34.11
12/28/2015,27.64,33.14,33.6
12/29/2015,27.91,33.68,34.04
12/30/2015,27.75,33.39,33.37
12/31/2015,27.48,32.96,33.26
1/4/2016,26.43,32.37,31.4
1/5/2016,26.12,32.89,32.2
1/6/2016,26.41,31.53,32.16
1/7/2016,25.69,30.28,30.16
1/8/2016,25.75,29.63,30.63
1/11/2016,26.1,29.68,30.17
1/12/2016,26.21,30.18,30.69
1/13/2016,25.41,29.26,29.44
1/14/2016,25.86,28.67,30.32
1/15/2016,25.26,27.11,29.14
1/19/2016,25.77,27.33,29.74
1/20/2016,25.82,27.48,28.78
1/21/2016,26.09,27.8,29.31
1/22/2016,26.43,28.45,29.75
1/25/2016,26.14,28.42,29.78
1/26/2016,26.65,28.7,29.98
1/27/2016,26.42,28.36,29.69
1/28/2016,23.13,28.05,28.75
1/29/2016,23.46,29.29,29.51
2/1/2016,23.94,29.3,29.57
2/2/2016,23.29,28.06,29.06
2/3/2016,23.5,28.2,27.68
2/4/2016,23.49,28.21,29.15
2/5/2016,23.2,26.43,27.97
2/8/2016,22.48,25.22,27.05
2/9/2016,22.01,25.49,26.82
2/10/2016,22.32,25.43,27.1
2/11/2016,22.08,25.3,26.76
2/12/2016,22.49,25.73,27.04
2/16/2016,22.95,26.99,29.28
2/17/2016,23.22,27.66,29.37
2/18/2016,23.53,30.04,29.42
2/19/2016,23.81,30.44,30.04
2/22/2016,24.24,31.52,31.17
2/23/2016,23.62,31.6,30.67
2/24/2016,23.96,31.82,30.95
2/25/2016,24.18,31.89,31.36
2/26/2016,24.18,31.68,31.37
2/29/2016,23.8,31.36,31.79
3/1/2016,24.25,32.75,32.8
3/2/2016,23.72,32.94,32.91
3/3/2016,23.94,32.65,32.88
3/4/2016,24.41,32.55,33.86
3/7/2016,24.26,32.34,33.96
3/8/2016,24.07,31.75,32.93
3/9/2016,23.95,31.73,33.51
3/10/2016,23.69,31.68,32.82
3/11/2016,24.02,32.22,33.81
3/14/2016,24.28,32.3,33.58
3/15/2016,23.58,32.14,33.26
3/16/2016,23.68,33.1,34.01
3/17/2016,23.76,32.82,34.28
3/18/2016,23.77,33.81,35.17
3/21/2016,24.34,33.91,35.47
3/22/2016,24.13,33.85,35.41
3/23/2016,24.17,34.43,34.8
3/24/2016,24.33,34.48,34.86
3/28/2016,24.12,34.83,35.23
3/29/2016,24.1,35.39,36.32
3/30/2016,24.04,35.76,36.56
3/31/2016,23.86,35.63,36.81
4/1/2016,23.88,36.15,36.48
4/4/2016,24.03,35.8,37.02
4/5/2016,24.39,35.75,36.41
4/6/2016,25.43,35.8,36.66
4/7/2016,24.1,35.43,36.17
4/8/2016,24.07,35.66,36.07
4/11/2016,24.06,35.88,36.48
4/12/2016,24.42,35.84,36.66
4/13/2016,25.08,36.74,37.31
4/14/2016,25.21,36.84,37.17
4/15/2016,25.22,37.13,36.51
4/18/2016,25.31,36.97,36.52
4/19/2016,24.3,36.31,36.33
4/20/2016,24.66,36.45,37.84
4/21/2016,24.69,36.41,37.67
4/22/2016,24.4,36.27,37.48
4/25/2016,24.22,36.45,37.23
4/26/2016,24.49,36.48,37.11
4/27/2016,25.27,37.31,36.95
4/28/2016,24.62,36.2,36.59
4/29/2016,24.43,35.53,36.6
5/2/2016,24.26,36,36.53
5/3/2016,23.98,35.57,36.01
5/4/2016,23.8,34.76,36
5/5/2016,23.81,34.97,36.94
5/6/2016,23.82,35.33,37.23
5/9/2016,24.02,35.28,37.18
5/10/2016,24.16,35.96,37.44
5/11/2016,23.74,36.06,37.37
5/12/2016,23.58,35.57,37.03
5/13/2016,23.78,40.98,36.48
5/16/2016,23.8,42.19,37.48
5/17/2016,23.27,42.28,37.27
5/18/2016,23.69,43.36,37.24
5/19/2016,23.42,43.55,37.02
5/20/2016,23.65,44.33,36.5
5/23/2016,23.46,44.4,36.66
5/24/2016,24.05,45.36,37.53
5/25/2016,24.04,45.17,35.59
5/26/2016,24.12,45.65,36.76
5/27/2016,24.36,45.9,37.82
5/31/2016,24.46,46.72,37.94
6/1/2016,24.07,46.81,36.65
6/2/2016,24.25,47.14,37.15
6/3/2016,23.98,46.48,36.6
6/6/2016,23.99,46.24,37.07
6/7/2016,24.28,46.33,36.73
6/8/2016,24.23,46.18,36.97
6/9/2016,24.33,47.38,37.35
6/10/2016,24.07,46.2,36.83
6/13/2016,23.89,46.79,36.47
6/14/2016,23.88,46.88,37.4
6/15/2016,23.96,47.36,37.32
6/16/2016,23.85,47.55,37.39
6/17/2016,23.79,46.72,36.94
6/20/2016,24.57,47.56,37.29
6/21/2016,24.7,47.27,37.4
6/22/2016,24.34,47.23,37.36
6/23/2016,24.85,48.49,37.78
6/24/2016,23.13,45.73,36.24
6/27/2016,22.72,45.24,35.22
6/28/2016,22.99,45.9,36.04
6/29/2016,23.31,46.65,36.86
6/30/2016,23.41,47.01,37.56
7/1/2016,23.78,46.66,37.99
7/5/2016,23.76,47.35,37.5
7/6/2016,23.83,47.65,37.51
7/7/2016,23.93,48.89,37.52
7/8/2016,24.61,50.85,37.74
7/11/2016,24.86,52.02,37.96
7/12/2016,25.13,52.8,37.89
7/13/2016,25.12,52.78,37.64
7/14/2016,26.08,53.32,37.96
7/15/2016,26.34,52.7,37.72
7/18/2016,26.49,52.97,37.95
7/19/2016,26.5,53.52,38.17
7/20/2016,26.99,54.22,38.9
7/21/2016,29.93,53.22,38.85
7/22/2016,30.49,54.67,39.38
7/25/2016,30.68,55.68,38.32
7/26/2016,31.4,56.63,38.76
7/27/2016,31.31,56.06,38.66
7/28/2016,31.17,56.18,38.52
7/29/2016,31.16,57.1,38.19
8/1/2016,31.25,56.73,38.8
8/2/2016,30.79,56.04,38.57
8/3/2016,30.95,56.19,38.39
8/4/2016,31.06,57.23,38.92
8/5/2016,31.39,58.2,38.99
8/8/2016,31.15,58.74,39.24
8/9/2016,31.11,58.89,39.24
8/10/2016,31.12,58.51,39.93
8/11/2016,31.2,59.7,41.27
8/12/2016,30.89,63.04,42.94
8/15/2016,31.05,62.98,42.67
8/16/2016,30.83,62.6,42.49
8/17/2016,30.61,61.15,42.7
8/18/2016,30.52,62.1,42.9
8/19/2016,30.63,62.26,43.02
8/22/2016,30.62,62.52,42.52
8/23/2016,30.67,62.91,42.6
8/24/2016,31.25,61.94,41.91
8/25/2016,31.34,61.53,42.03
8/26/2016,31.31,62.03,42.27
8/29/2016,31.4,61.99,42.26
8/30/2016,31.77,61.63,42.58
8/31/2016,32.16,61.34,42.75
9/1/2016,32.13,63.15,42.93
9/2/2016,32.28,62.53,43.28
9/6/2016,32.41,63.12,44.71
9/7/2016,32.51,62.19,44.35
9/8/2016,32.7,62.64,44.36
9/9/2016,31.89,59.52,42.92
9/12/2016,32.49,60.75,43.46
9/13/2016,31.91,59.87,43.04
9/14/2016,31.8,60.4,43.46
9/15/2016,31.98,62.69,43.99
9/16/2016,31.77,62.84,43.67
9/19/2016,31.57,63.67,43.19
9/20/2016,31.36,63.09,42.79
9/21/2016,31.97,64.86,44.14
9/22/2016,32.28,65.02,44.15
9/23/2016,32.07,64.95,42.8
9/26/2016,31.67,64.34,42.29
9/27/2016,31.94,66.54,43.37
9/28/2016,31.85,66.78,43.69
9/29/2016,32.3,67.4,42.57
9/30/2016,32.9,68.52,43.1
10/3/2016,32.55,68.45,43.13
10/4/2016,32.56,68.3,43.18
10/5/2016,32.15,68.23,43.71
10/6/2016,32.13,67.34,43.68
10/7/2016,31.62,66.85,43.22
10/10/2016,31.95,67.1,43.92
10/11/2016,31.46,66.13,42.68
10/12/2016,31.5,66.43,42.36
10/13/2016,31.51,65.35,41.62
10/14/2016,31.89,65.99,41.44
10/17/2016,31.81,65.61,41.79
10/18/2016,31.64,66.61,41.68
10/19/2016,32.52,66.47,42.73
10/20/2016,29.02,67.73,42.38
10/21/2016,29.06,67.54,42.17
10/24/2016,29.22,70.71,42.59
10/25/2016,29.05,71.87,42.55
10/26/2016,28.82,72.16,42.08
10/27/2016,28.81,70.68,41.87
10/28/2016,28.6,70.56,41.78
10/31/2016,28.51,71.16,41.55
11/1/2016,28.38,69.05,41.33
11/2/2016,28.26,68.76,40.68
11/3/2016,28.06,67.96,40.23
11/4/2016,27.95,67.57,40.28
11/7/2016,28.24,71.27,41.05
11/8/2016,28.03,71.16,41.16
11/9/2016,28.29,69.96,41.21
11/10/2016,28.16,67.77,40.16
11/11/2016,28.64,87.97,40.42
11/14/2016,27.89,83.64,39.3
11/15/2016,28.49,86.19,40.21
11/16/2016,28.33,91.63,40.98
11/17/2016,28.87,92.39,41.45
11/18/2016,28.69,93.36,41.19
11/21/2016,29,92.98,41.11
11/22/2016,29.06,93.65,41.01
11/23/2016,28.9,93.97,40.96
11/25/2016,28.95,94.16,40.87
11/28/2016,28.57,94.11,41.45
11/29/2016,28.51,93.25,41.6
11/30/2016,27.81,92.2,41.02
12/1/2016,27.39,87.64,39.63
12/2/2016,28.42,88.45,40.07
12/5/2016,28.35,91.88,40.2
12/6/2016,28.21,93.39,39.97
12/7/2016,28.91,95.07,40.52
12/8/2016,29.42,93.48,41.41
12/9/2016,29.97,91.82,41.76
12/12/2016,30.21,89.59,41.3
12/13/2016,29.82,91.17,41.47
12/14/2016,29.82,96.45,40.91
12/15/2016,29.73,98.71,38.41
12/16/2016,29.61,100.41,38.61
12/19/2016,29.38,101.63,38.42
12/20/2016,29.26,105.17,39.16
12/21/2016,29.36,105.83,39.15
12/22/2016,29.54,107.11,38.5
12/23/2016,29.79,109.78,38.66
12/27/2016,30.24,117.32,38.92
12/28/2016,30.01,109.25,38.73
12/29/2016,29.98,111.43,38.64
12/30/2016,29.69,106.74,38.67
