observation_date,US10Y
6/8/2007,5.12
6/11/2007,5.14
6/12/2007,5.26
6/13/2007,5.2
6/14/2007,5.23
6/15/2007,5.16
6/18/2007,5.15
6/19/2007,5.09
6/20/2007,5.14
6/21/2007,5.16
6/22/2007,5.14
6/25/2007,5.09
6/26/2007,5.1
6/27/2007,5.09
6/28/2007,5.12
6/29/2007,5.03
7/2/2007,5
7/3/2007,5.05
7/5/2007,5.16
7/6/2007,5.19
7/9/2007,5.16
7/10/2007,5.03
7/11/2007,5.09
7/12/2007,5.13
7/13/2007,5.11
7/16/2007,5.05
7/17/2007,5.08
7/18/2007,5.02
7/19/2007,5.04
7/20/2007,4.96
7/23/2007,4.97
7/24/2007,4.94
7/25/2007,4.92
7/26/2007,4.79
7/27/2007,4.8
7/30/2007,4.82
7/31/2007,4.78
8/1/2007,4.76
8/2/2007,4.77
8/3/2007,4.71
8/6/2007,4.72
8/7/2007,4.77
8/8/2007,4.84
8/9/2007,4.79
8/10/2007,4.81
8/13/2007,4.78
8/14/2007,4.73
8/15/2007,4.69
8/16/2007,4.6
8/17/2007,4.68
8/20/2007,4.64
8/21/2007,4.6
8/22/2007,4.63
8/23/2007,4.62
8/24/2007,4.63
8/27/2007,4.6
8/28/2007,4.53
8/29/2007,4.57
8/30/2007,4.51
8/31/2007,4.54
9/4/2007,4.56
9/5/2007,4.48
9/6/2007,4.51
9/7/2007,4.38
9/10/2007,4.34
9/11/2007,4.37
9/12/2007,4.41
9/13/2007,4.49
9/14/2007,4.47
9/17/2007,4.48
9/18/2007,4.5
9/19/2007,4.53
9/20/2007,4.69
9/21/2007,4.64
9/24/2007,4.63
9/25/2007,4.63
9/26/2007,4.63
9/27/2007,4.58
9/28/2007,4.59
10/1/2007,4.56
10/2/2007,4.54
10/3/2007,4.55
10/4/2007,4.54
10/5/2007,4.65
10/9/2007,4.67
10/10/2007,4.65
10/11/2007,4.66
10/12/2007,4.7
10/15/2007,4.69
10/16/2007,4.66
10/17/2007,4.57
10/18/2007,4.52
10/19/2007,4.41
10/22/2007,4.42
10/23/2007,4.41
10/24/2007,4.36
10/25/2007,4.37
10/26/2007,4.41
10/29/2007,4.39
10/30/2007,4.4
10/31/2007,4.48
11/1/2007,4.36
11/2/2007,4.31
11/5/2007,4.35
11/6/2007,4.38
11/7/2007,4.34
11/8/2007,4.28
11/9/2007,4.23
11/13/2007,4.26
11/14/2007,4.28
11/15/2007,4.17
11/16/2007,4.15
11/19/2007,4.07
11/20/2007,4.06
11/21/2007,4
11/23/2007,4.01
11/26/2007,3.83
11/27/2007,3.95
11/28/2007,4.03
11/29/2007,3.94
11/30/2007,3.97
12/3/2007,3.89
12/4/2007,3.89
12/5/2007,3.92
12/6/2007,4.02
12/7/2007,4.12
12/10/2007,4.15
12/11/2007,3.98
12/12/2007,4.05
12/13/2007,4.18
12/14/2007,4.24
12/17/2007,4.2
12/18/2007,4.14
12/19/2007,4.06
12/20/2007,4.04
12/21/2007,4.18
12/24/2007,4.23
12/26/2007,4.3
12/27/2007,4.21
12/28/2007,4.11
12/31/2007,4.04
1/2/2008,3.91
1/3/2008,3.91
1/4/2008,3.88
1/7/2008,3.86
1/8/2008,3.86
1/9/2008,3.82
1/10/2008,3.91
1/11/2008,3.82
1/14/2008,3.81
1/15/2008,3.72
1/16/2008,3.74
1/17/2008,3.66
1/18/2008,3.66
1/22/2008,3.52
1/23/2008,3.51
1/24/2008,3.68
1/25/2008,3.61
1/28/2008,3.61
1/29/2008,3.69
1/30/2008,3.78
1/31/2008,3.67
2/1/2008,3.62
2/4/2008,3.68
2/5/2008,3.61
2/6/2008,3.61
2/7/2008,3.74
2/8/2008,3.64
2/11/2008,3.62
2/12/2008,3.66
2/13/2008,3.7
2/14/2008,3.85
2/15/2008,3.76
2/19/2008,3.89
2/20/2008,3.93
2/21/2008,3.77
2/22/2008,3.79
2/25/2008,3.91
2/26/2008,3.88
2/27/2008,3.85
2/28/2008,3.71
2/29/2008,3.53
3/3/2008,3.54
3/4/2008,3.63
3/5/2008,3.7
3/6/2008,3.62
3/7/2008,3.56
3/10/2008,3.46
3/11/2008,3.6
3/12/2008,3.49
3/13/2008,3.56
3/14/2008,3.44
3/17/2008,3.34
3/18/2008,3.48
3/19/2008,3.38
3/20/2008,3.34
3/24/2008,3.56
3/25/2008,3.51
3/26/2008,3.51
3/27/2008,3.56
3/28/2008,3.47
3/31/2008,3.45
4/1/2008,3.57
4/2/2008,3.6
4/3/2008,3.61
4/4/2008,3.5
4/7/2008,3.57
4/8/2008,3.58
4/9/2008,3.49
4/10/2008,3.55
4/11/2008,3.49
4/14/2008,3.53
4/15/2008,3.6
4/16/2008,3.72
4/17/2008,3.75
4/18/2008,3.77
4/21/2008,3.75
4/22/2008,3.74
4/23/2008,3.77
4/24/2008,3.87
4/25/2008,3.91
4/28/2008,3.86
4/29/2008,3.85
4/30/2008,3.77
5/1/2008,3.78
5/2/2008,3.89
5/5/2008,3.88
5/6/2008,3.93
5/7/2008,3.87
5/8/2008,3.79
5/9/2008,3.77
5/12/2008,3.78
5/13/2008,3.9
5/14/2008,3.92
5/15/2008,3.83
5/16/2008,3.85
5/19/2008,3.83
5/20/2008,3.78
5/21/2008,3.81
5/22/2008,3.92
5/23/2008,3.85
5/27/2008,3.93
5/28/2008,4.03
5/29/2008,4.08
5/30/2008,4.06
6/2/2008,3.98
6/3/2008,3.92
6/4/2008,3.98
6/5/2008,4.06
6/6/2008,3.94
6/9/2008,4.02
6/10/2008,4.11
6/11/2008,4.1
6/12/2008,4.23
6/13/2008,4.27
6/16/2008,4.25
6/17/2008,4.23
6/18/2008,4.16
6/19/2008,4.22
6/20/2008,4.16
6/23/2008,4.19
6/24/2008,4.1
6/25/2008,4.12
6/26/2008,4.07
6/27/2008,3.99
6/30/2008,3.99
7/1/2008,4.01
7/2/2008,3.99
7/3/2008,3.99
7/7/2008,3.95
7/8/2008,3.91
7/9/2008,3.85
7/10/2008,3.83
7/11/2008,3.96
7/14/2008,3.9
7/15/2008,3.87
7/16/2008,3.97
7/17/2008,4.07
7/18/2008,4.11
7/21/2008,4.09
7/22/2008,4.14
7/23/2008,4.16
7/24/2008,4.03
7/25/2008,4.13
7/28/2008,4.06
7/29/2008,4.09
7/30/2008,4.07
7/31/2008,3.99
8/1/2008,3.97
8/4/2008,3.98
8/5/2008,4.04
8/6/2008,4.06
8/7/2008,3.92
8/8/2008,3.94
8/11/2008,3.99
8/12/2008,3.91
8/13/2008,3.94
8/14/2008,3.89
8/15/2008,3.84
8/18/2008,3.82
8/19/2008,3.83
8/20/2008,3.79
8/21/2008,3.84
8/22/2008,3.87
8/25/2008,3.79
8/26/2008,3.79
8/27/2008,3.77
8/28/2008,3.79
8/29/2008,3.83
9/2/2008,3.74
9/3/2008,3.71
9/4/2008,3.64
9/5/2008,3.66
9/8/2008,3.66
9/9/2008,3.62
9/10/2008,3.65
9/11/2008,3.64
9/12/2008,3.74
9/15/2008,3.47
9/16/2008,3.48
9/17/2008,3.41
9/18/2008,3.54
9/19/2008,3.78
9/22/2008,3.83
9/23/2008,3.85
9/24/2008,3.8
9/25/2008,3.88
9/26/2008,3.85
9/29/2008,3.61
9/30/2008,3.85
10/1/2008,3.77
10/2/2008,3.66
10/3/2008,3.63
10/6/2008,3.48
10/7/2008,3.5
10/8/2008,3.72
10/9/2008,3.84
10/10/2008,3.89
10/14/2008,4.08
10/15/2008,4.04
10/16/2008,3.99
10/17/2008,3.98
10/20/2008,3.91
10/21/2008,3.76
10/22/2008,3.65
10/23/2008,3.63
10/24/2008,3.76
10/27/2008,3.79
10/28/2008,3.89
10/29/2008,3.93
10/30/2008,4
10/31/2008,4.01
11/3/2008,3.96
11/4/2008,3.81
11/5/2008,3.73
11/6/2008,3.75
11/7/2008,3.83
11/10/2008,3.82
11/12/2008,3.75
11/13/2008,3.84
11/14/2008,3.72
11/17/2008,3.68
11/18/2008,3.53
11/19/2008,3.38
11/20/2008,3.1
11/21/2008,3.2
11/24/2008,3.35
11/25/2008,3.11
11/26/2008,2.99
11/28/2008,2.93
12/1/2008,2.72
12/2/2008,2.68
12/3/2008,2.67
12/4/2008,2.55
12/5/2008,2.67
12/8/2008,2.77
12/9/2008,2.67
12/10/2008,2.69
12/11/2008,2.64
12/12/2008,2.6
12/15/2008,2.53
12/16/2008,2.37
12/17/2008,2.2
12/18/2008,2.08
12/19/2008,2.13
12/22/2008,2.16
12/23/2008,2.18
12/24/2008,2.2
12/26/2008,2.16
12/29/2008,2.13
12/30/2008,2.11
12/31/2008,2.25
1/2/2009,2.46
1/5/2009,2.49
1/6/2009,2.51
1/7/2009,2.52
1/8/2009,2.47
1/9/2009,2.43
1/12/2009,2.34
1/13/2009,2.33
1/14/2009,2.24
1/15/2009,2.23
1/16/2009,2.36
1/20/2009,2.4
1/21/2009,2.56
1/22/2009,2.62
1/23/2009,2.65
1/26/2009,2.7
1/27/2009,2.59
1/28/2009,2.71
1/29/2009,2.87
1/30/2009,2.87
2/2/2009,2.76
2/3/2009,2.89
2/4/2009,2.95
2/5/2009,2.95
2/6/2009,3.05
2/9/2009,3.07
2/10/2009,2.9
2/11/2009,2.78
2/12/2009,2.75
2/13/2009,2.89
2/17/2009,2.64
2/18/2009,2.74
2/19/2009,2.85
2/20/2009,2.78
2/23/2009,2.78
2/24/2009,2.8
2/25/2009,2.95
2/26/2009,2.98
2/27/2009,3.02
3/2/2009,2.91
3/3/2009,2.93
3/4/2009,3.01
3/5/2009,2.83
3/6/2009,2.83
3/9/2009,2.89
3/10/2009,2.99
3/11/2009,2.95
3/12/2009,2.89
3/13/2009,2.89
3/16/2009,2.97
3/17/2009,3.02
3/18/2009,2.51
3/19/2009,2.61
3/20/2009,2.65
3/23/2009,2.68
3/24/2009,2.68
3/25/2009,2.81
3/26/2009,2.76
3/27/2009,2.78
3/30/2009,2.73
3/31/2009,2.71
4/1/2009,2.68
4/2/2009,2.77
4/3/2009,2.91
4/6/2009,2.95
4/7/2009,2.93
4/8/2009,2.86
4/9/2009,2.96
4/13/2009,2.88
4/14/2009,2.8
4/15/2009,2.82
4/16/2009,2.86
4/17/2009,2.98
4/20/2009,2.88
4/21/2009,2.94
4/22/2009,2.98
4/23/2009,2.96
4/24/2009,3.03
4/27/2009,2.95
4/28/2009,3.05
4/29/2009,3.12
4/30/2009,3.16
5/1/2009,3.21
5/4/2009,3.19
5/5/2009,3.2
5/6/2009,3.18
5/7/2009,3.29
5/8/2009,3.29
5/11/2009,3.17
5/12/2009,3.17
5/13/2009,3.11
5/14/2009,3.1
5/15/2009,3.14
5/18/2009,3.22
5/19/2009,3.25
5/20/2009,3.19
5/21/2009,3.35
5/22/2009,3.45
5/26/2009,3.5
5/27/2009,3.71
5/28/2009,3.67
5/29/2009,3.47
6/1/2009,3.71
6/2/2009,3.65
6/3/2009,3.56
6/4/2009,3.72
6/5/2009,3.84
6/8/2009,3.91
6/9/2009,3.86
6/10/2009,3.98
6/11/2009,3.88
6/12/2009,3.81
6/15/2009,3.76
6/16/2009,3.67
6/17/2009,3.68
6/18/2009,3.86
6/19/2009,3.79
6/22/2009,3.72
6/23/2009,3.65
6/24/2009,3.72
6/25/2009,3.55
6/26/2009,3.52
6/29/2009,3.51
6/30/2009,3.53
7/1/2009,3.55
7/2/2009,3.51
7/6/2009,3.52
7/7/2009,3.47
7/8/2009,3.33
7/9/2009,3.44
7/10/2009,3.32
7/13/2009,3.38
7/14/2009,3.5
7/15/2009,3.63
7/16/2009,3.59
7/17/2009,3.67
7/20/2009,3.61
7/21/2009,3.5
7/22/2009,3.58
7/23/2009,3.72
7/24/2009,3.7
7/27/2009,3.75
7/28/2009,3.72
7/29/2009,3.69
7/30/2009,3.67
7/31/2009,3.52
8/3/2009,3.66
8/4/2009,3.7
8/5/2009,3.8
8/6/2009,3.79
8/7/2009,3.89
8/10/2009,3.8
8/11/2009,3.71
8/12/2009,3.72
8/13/2009,3.59
8/14/2009,3.55
8/17/2009,3.48
8/18/2009,3.51
8/19/2009,3.45
8/20/2009,3.42
8/21/2009,3.56
8/24/2009,3.48
8/25/2009,3.45
8/26/2009,3.44
8/27/2009,3.47
8/28/2009,3.46
8/31/2009,3.4
9/1/2009,3.38
9/2/2009,3.29
9/3/2009,3.33
9/4/2009,3.45
9/8/2009,3.47
9/9/2009,3.48
9/10/2009,3.36
9/11/2009,3.34
9/14/2009,3.42
9/15/2009,3.47
9/16/2009,3.48
9/17/2009,3.42
9/18/2009,3.49
9/21/2009,3.49
9/22/2009,3.46
9/23/2009,3.44
9/24/2009,3.4
9/25/2009,3.34
9/28/2009,3.31
9/29/2009,3.31
9/30/2009,3.31
10/1/2009,3.21
10/2/2009,3.24
10/5/2009,3.24
10/6/2009,3.27
10/7/2009,3.21
10/8/2009,3.27
10/9/2009,3.4
10/13/2009,3.34
10/14/2009,3.45
10/15/2009,3.49
10/16/2009,3.43
10/19/2009,3.41
10/20/2009,3.35
10/21/2009,3.42
10/22/2009,3.44
10/23/2009,3.51
10/26/2009,3.59
10/27/2009,3.49
10/28/2009,3.44
10/29/2009,3.53
10/30/2009,3.41
11/2/2009,3.45
11/3/2009,3.5
11/4/2009,3.57
11/5/2009,3.57
11/6/2009,3.54
11/9/2009,3.52
11/10/2009,3.5
11/12/2009,3.45
11/13/2009,3.43
11/16/2009,3.33
11/17/2009,3.33
11/18/2009,3.36
11/19/2009,3.35
11/20/2009,3.36
11/23/2009,3.37
11/24/2009,3.32
11/25/2009,3.28
11/27/2009,3.21
11/30/2009,3.21
12/1/2009,3.28
12/2/2009,3.32
12/3/2009,3.39
12/4/2009,3.48
12/7/2009,3.44
12/8/2009,3.4
12/9/2009,3.45
12/10/2009,3.49
12/11/2009,3.55
12/14/2009,3.56
12/15/2009,3.6
12/16/2009,3.61
12/17/2009,3.5
12/18/2009,3.55
12/21/2009,3.69
12/22/2009,3.76
12/23/2009,3.77
12/24/2009,3.82
12/28/2009,3.85
12/29/2009,3.82
12/30/2009,3.8
12/31/2009,3.85
1/4/2010,3.85
1/5/2010,3.77
1/6/2010,3.85
1/7/2010,3.85
1/8/2010,3.83
1/11/2010,3.85
1/12/2010,3.74
1/13/2010,3.8
1/14/2010,3.76
1/15/2010,3.7
1/19/2010,3.73
1/20/2010,3.68
1/21/2010,3.62
1/22/2010,3.62
1/25/2010,3.66
1/26/2010,3.65
1/27/2010,3.66
1/28/2010,3.68
1/29/2010,3.63
2/1/2010,3.68
2/2/2010,3.67
2/3/2010,3.73
2/4/2010,3.62
2/5/2010,3.59
2/8/2010,3.62
2/9/2010,3.67
2/10/2010,3.72
2/11/2010,3.73
2/12/2010,3.69
2/16/2010,3.66
2/17/2010,3.74
2/18/2010,3.79
2/19/2010,3.78
2/22/2010,3.8
2/23/2010,3.69
2/24/2010,3.7
2/25/2010,3.64
2/26/2010,3.61
3/1/2010,3.61
3/2/2010,3.62
3/3/2010,3.63
3/4/2010,3.61
3/5/2010,3.69
3/8/2010,3.72
3/9/2010,3.71
3/10/2010,3.73
3/11/2010,3.73
3/12/2010,3.71
3/15/2010,3.71
3/16/2010,3.66
3/17/2010,3.65
3/18/2010,3.68
3/19/2010,3.7
3/22/2010,3.67
3/23/2010,3.69
3/24/2010,3.84
3/25/2010,3.91
3/26/2010,3.86
3/29/2010,3.88
3/30/2010,3.88
3/31/2010,3.84
4/1/2010,3.89
4/2/2010,3.96
4/5/2010,4.01
4/6/2010,3.98
4/7/2010,3.89
4/8/2010,3.91
4/9/2010,3.9
4/12/2010,3.87
4/13/2010,3.84
4/14/2010,3.88
4/15/2010,3.86
4/16/2010,3.79
4/19/2010,3.83
4/20/2010,3.82
4/21/2010,3.77
4/22/2010,3.8
4/23/2010,3.84
4/26/2010,3.83
4/27/2010,3.71
4/28/2010,3.8
4/29/2010,3.76
4/30/2010,3.69
5/3/2010,3.72
5/4/2010,3.63
5/5/2010,3.58
5/6/2010,3.41
5/7/2010,3.45
5/10/2010,3.57
5/11/2010,3.56
5/12/2010,3.56
5/13/2010,3.55
5/14/2010,3.44
5/17/2010,3.47
5/18/2010,3.38
5/19/2010,3.36
5/20/2010,3.25
5/21/2010,3.2
5/24/2010,3.23
5/25/2010,3.18
5/26/2010,3.21
5/27/2010,3.34
5/28/2010,3.31
6/1/2010,3.29
6/2/2010,3.35
6/3/2010,3.39
6/4/2010,3.2
6/7/2010,3.17
6/8/2010,3.18
6/9/2010,3.2
6/10/2010,3.33
6/11/2010,3.24
6/14/2010,3.28
6/15/2010,3.32
6/16/2010,3.27
6/17/2010,3.21
6/18/2010,3.24
6/21/2010,3.26
6/22/2010,3.18
6/23/2010,3.13
6/24/2010,3.14
6/25/2010,3.12
6/28/2010,3.05
6/29/2010,2.97
6/30/2010,2.97
7/1/2010,2.96
7/2/2010,3
7/6/2010,2.95
7/7/2010,3
7/8/2010,3.04
7/9/2010,3.07
7/12/2010,3.08
7/13/2010,3.15
7/14/2010,3.07
7/15/2010,3
7/16/2010,2.96
7/19/2010,2.99
7/20/2010,2.98
7/21/2010,2.9
7/22/2010,2.96
7/23/2010,3.02
7/26/2010,3.03
7/27/2010,3.08
7/28/2010,3.03
7/29/2010,3.03
7/30/2010,2.94
8/2/2010,2.99
8/3/2010,2.94
8/4/2010,2.98
8/5/2010,2.94
8/6/2010,2.86
8/9/2010,2.86
8/10/2010,2.79
8/11/2010,2.72
8/12/2010,2.74
8/13/2010,2.68
8/16/2010,2.58
8/17/2010,2.64
8/18/2010,2.64
8/19/2010,2.58
8/20/2010,2.62
8/23/2010,2.6
8/24/2010,2.5
8/25/2010,2.54
8/26/2010,2.5
8/27/2010,2.66
8/30/2010,2.54
8/31/2010,2.47
9/1/2010,2.58
9/2/2010,2.63
9/3/2010,2.72
9/7/2010,2.61
9/8/2010,2.66
9/9/2010,2.77
9/10/2010,2.81
9/13/2010,2.74
9/14/2010,2.68
9/15/2010,2.74
9/16/2010,2.77
9/17/2010,2.75
9/20/2010,2.72
9/21/2010,2.61
9/22/2010,2.56
9/23/2010,2.56
9/24/2010,2.62
9/27/2010,2.54
9/28/2010,2.48
9/29/2010,2.52
9/30/2010,2.53
10/1/2010,2.54
10/4/2010,2.5
10/5/2010,2.5
10/6/2010,2.41
10/7/2010,2.41
10/8/2010,2.41
10/12/2010,2.44
10/13/2010,2.46
10/14/2010,2.52
10/15/2010,2.59
10/18/2010,2.52
10/19/2010,2.5
10/20/2010,2.51
10/21/2010,2.57
10/22/2010,2.59
10/25/2010,2.59
10/26/2010,2.67
10/27/2010,2.75
10/28/2010,2.69
10/29/2010,2.63
11/1/2010,2.66
11/2/2010,2.63
11/3/2010,2.67
11/4/2010,2.53
11/5/2010,2.58
11/8/2010,2.6
11/9/2010,2.72
11/10/2010,2.65
11/12/2010,2.76
11/15/2010,2.92
11/16/2010,2.85
11/17/2010,2.89
11/18/2010,2.9
11/19/2010,2.88
11/22/2010,2.8
11/23/2010,2.77
11/24/2010,2.93
11/26/2010,2.87
11/29/2010,2.84
11/30/2010,2.81
12/1/2010,2.97
12/2/2010,3.01
12/3/2010,3.03
12/6/2010,2.95
12/7/2010,3.15
12/8/2010,3.26
12/9/2010,3.23
12/10/2010,3.32
12/13/2010,3.29
12/14/2010,3.49
12/15/2010,3.53
12/16/2010,3.47
12/17/2010,3.33
12/20/2010,3.36
12/21/2010,3.35
12/22/2010,3.36
12/23/2010,3.41
12/27/2010,3.36
12/28/2010,3.5
12/29/2010,3.35
12/30/2010,3.38
12/31/2010,3.3
1/3/2011,3.36
1/4/2011,3.36
1/5/2011,3.5
1/6/2011,3.44
1/7/2011,3.34
1/10/2011,3.32
1/11/2011,3.37
1/12/2011,3.4
1/13/2011,3.34
1/14/2011,3.35
1/18/2011,3.39
1/19/2011,3.37
1/20/2011,3.47
1/21/2011,3.44
1/24/2011,3.43
1/25/2011,3.35
1/26/2011,3.45
1/27/2011,3.42
1/28/2011,3.36
1/31/2011,3.42
2/1/2011,3.48
2/2/2011,3.52
2/3/2011,3.58
2/4/2011,3.68
2/7/2011,3.68
2/8/2011,3.75
2/9/2011,3.65
2/10/2011,3.7
2/11/2011,3.64
2/14/2011,3.62
2/15/2011,3.61
2/16/2011,3.62
2/17/2011,3.58
2/18/2011,3.59
2/22/2011,3.46
2/23/2011,3.49
2/24/2011,3.46
2/25/2011,3.42
2/28/2011,3.42
3/1/2011,3.41
3/2/2011,3.46
3/3/2011,3.58
3/4/2011,3.49
3/7/2011,3.51
3/8/2011,3.56
3/9/2011,3.48
3/10/2011,3.37
3/11/2011,3.4
3/14/2011,3.36
3/15/2011,3.33
3/16/2011,3.22
3/17/2011,3.25
3/18/2011,3.28
3/21/2011,3.34
3/22/2011,3.34
3/23/2011,3.36
3/24/2011,3.42
3/25/2011,3.46
3/28/2011,3.47
3/29/2011,3.5
3/30/2011,3.47
3/31/2011,3.47
4/1/2011,3.46
4/4/2011,3.45
4/5/2011,3.5
4/6/2011,3.56
4/7/2011,3.58
4/8/2011,3.59
4/11/2011,3.59
4/12/2011,3.52
4/13/2011,3.49
4/14/2011,3.51
4/15/2011,3.43
4/18/2011,3.4
4/19/2011,3.39
4/20/2011,3.43
4/21/2011,3.42
4/25/2011,3.39
4/26/2011,3.34
4/27/2011,3.39
4/28/2011,3.34
4/29/2011,3.32
5/2/2011,3.31
5/3/2011,3.28
5/4/2011,3.25
5/5/2011,3.18
5/6/2011,3.19
5/9/2011,3.17
5/10/2011,3.23
5/11/2011,3.19
5/12/2011,3.22
5/13/2011,3.18
5/16/2011,3.15
5/17/2011,3.12
5/18/2011,3.18
5/19/2011,3.17
5/20/2011,3.15
5/23/2011,3.13
5/24/2011,3.12
5/25/2011,3.13
5/26/2011,3.07
5/27/2011,3.07
5/31/2011,3.05
6/1/2011,2.96
6/2/2011,3.04
6/3/2011,2.99
6/6/2011,3.01
6/7/2011,3.01
6/8/2011,2.98
6/9/2011,3.01
6/10/2011,2.99
6/13/2011,3
6/14/2011,3.11
6/15/2011,2.98
6/16/2011,2.93
6/17/2011,2.94
6/20/2011,2.97
6/21/2011,2.99
6/22/2011,3.01
6/23/2011,2.93
6/24/2011,2.88
6/27/2011,2.95
6/28/2011,3.05
6/29/2011,3.14
6/30/2011,3.18
7/1/2011,3.22
7/5/2011,3.16
7/6/2011,3.12
7/7/2011,3.17
7/8/2011,3.03
7/11/2011,2.94
7/12/2011,2.92
7/13/2011,2.92
7/14/2011,2.98
7/15/2011,2.94
7/18/2011,2.94
7/19/2011,2.91
7/20/2011,2.96
7/21/2011,3.03
7/22/2011,2.99
7/25/2011,3.03
7/26/2011,2.99
7/27/2011,3.01
7/28/2011,2.98
7/29/2011,2.82
8/1/2011,2.77
8/2/2011,2.66
8/3/2011,2.64
8/4/2011,2.47
8/5/2011,2.58
8/8/2011,2.4
8/9/2011,2.2
8/10/2011,2.17
8/11/2011,2.34
8/12/2011,2.24
8/15/2011,2.29
8/16/2011,2.23
8/17/2011,2.17
8/18/2011,2.08
8/19/2011,2.07
8/22/2011,2.1
8/23/2011,2.15
8/24/2011,2.29
8/25/2011,2.23
8/26/2011,2.19
8/29/2011,2.28
8/30/2011,2.19
8/31/2011,2.23
9/1/2011,2.15
9/2/2011,2.02
9/6/2011,1.98
9/7/2011,2.05
9/8/2011,2
9/9/2011,1.93
9/12/2011,1.94
9/13/2011,2
9/14/2011,2.03
9/15/2011,2.09
9/16/2011,2.08
9/19/2011,1.97
9/20/2011,1.95
9/21/2011,1.88
9/22/2011,1.72
9/23/2011,1.84
9/26/2011,1.91
9/27/2011,2
9/28/2011,2.03
9/29/2011,1.99
9/30/2011,1.92
10/3/2011,1.8
10/4/2011,1.81
10/5/2011,1.92
10/6/2011,2.01
10/7/2011,2.1
10/11/2011,2.18
10/12/2011,2.24
10/13/2011,2.19
10/14/2011,2.26
10/17/2011,2.18
10/18/2011,2.19
10/19/2011,2.18
10/20/2011,2.2
10/21/2011,2.23
10/24/2011,2.25
10/25/2011,2.14
10/26/2011,2.23
10/27/2011,2.42
10/28/2011,2.34
10/31/2011,2.17
11/1/2011,2.01
11/2/2011,2.03
11/3/2011,2.09
11/4/2011,2.06
11/7/2011,2.04
11/8/2011,2.1
11/9/2011,2
11/10/2011,2.04
11/14/2011,2.04
11/15/2011,2.06
11/16/2011,2.01
11/17/2011,1.96
11/18/2011,2.01
11/21/2011,1.97
11/22/2011,1.94
11/23/2011,1.89
11/25/2011,1.97
11/28/2011,1.97
11/29/2011,2
11/30/2011,2.08
12/1/2011,2.11
12/2/2011,2.05
12/5/2011,2.04
12/6/2011,2.08
12/7/2011,2.02
12/8/2011,1.99
12/9/2011,2.07
12/12/2011,2.03
12/13/2011,1.96
12/14/2011,1.92
12/15/2011,1.92
12/16/2011,1.86
12/19/2011,1.82
12/20/2011,1.94
12/21/2011,1.98
12/22/2011,1.97
12/23/2011,2.03
12/27/2011,2.02
12/28/2011,1.93
12/29/2011,1.91
12/30/2011,1.89
1/3/2012,1.97
1/4/2012,2
1/5/2012,2.02
1/6/2012,1.98
1/9/2012,1.98
1/10/2012,2
1/11/2012,1.93
1/12/2012,1.94
1/13/2012,1.89
1/17/2012,1.87
1/18/2012,1.92
1/19/2012,2.01
1/20/2012,2.05
1/23/2012,2.09
1/24/2012,2.08
1/25/2012,2.01
1/26/2012,1.96
1/27/2012,1.93
1/30/2012,1.87
1/31/2012,1.83
2/1/2012,1.87
2/2/2012,1.86
2/3/2012,1.97
2/6/2012,1.93
2/7/2012,2
2/8/2012,2.01
2/9/2012,2.04
2/10/2012,1.96
2/13/2012,1.99
2/14/2012,1.92
2/15/2012,1.93
2/16/2012,1.99
2/17/2012,2.01
2/21/2012,2.05
2/22/2012,2.01
2/23/2012,1.99
2/24/2012,1.98
2/27/2012,1.92
2/28/2012,1.94
2/29/2012,1.98
3/1/2012,2.03
3/2/2012,1.99
3/5/2012,2
3/6/2012,1.96
3/7/2012,1.98
3/8/2012,2.03
3/9/2012,2.04
3/12/2012,2.04
3/13/2012,2.14
3/14/2012,2.29
3/15/2012,2.29
3/16/2012,2.31
3/19/2012,2.39
3/20/2012,2.38
3/21/2012,2.31
3/22/2012,2.29
3/23/2012,2.25
3/26/2012,2.26
3/27/2012,2.2
3/28/2012,2.21
3/29/2012,2.18
3/30/2012,2.23
4/2/2012,2.22
4/3/2012,2.3
4/4/2012,2.25
4/5/2012,2.19
4/6/2012,2.07
4/9/2012,2.06
4/10/2012,2.01
4/11/2012,2.05
4/12/2012,2.08
4/13/2012,2.02
4/16/2012,2
4/17/2012,2.03
4/18/2012,2
4/19/2012,1.98
4/20/2012,1.99
4/23/2012,1.96
4/24/2012,2
4/25/2012,2.01
4/26/2012,1.98
4/27/2012,1.96
4/30/2012,1.95
5/1/2012,1.98
5/2/2012,1.96
5/3/2012,1.96
5/4/2012,1.91
5/7/2012,1.92
5/8/2012,1.88
5/9/2012,1.87
5/10/2012,1.89
5/11/2012,1.84
5/14/2012,1.78
5/15/2012,1.76
5/16/2012,1.76
5/17/2012,1.7
5/18/2012,1.71
5/21/2012,1.75
5/22/2012,1.79
5/23/2012,1.73
5/24/2012,1.77
5/25/2012,1.75
5/29/2012,1.74
5/30/2012,1.63
5/31/2012,1.59
6/1/2012,1.47
6/4/2012,1.53
6/5/2012,1.57
6/6/2012,1.66
6/7/2012,1.66
6/8/2012,1.65
6/11/2012,1.6
6/12/2012,1.67
6/13/2012,1.61
6/14/2012,1.64
6/15/2012,1.6
6/18/2012,1.59
6/19/2012,1.64
6/20/2012,1.65
6/21/2012,1.63
6/22/2012,1.69
6/25/2012,1.63
6/26/2012,1.66
6/27/2012,1.65
6/28/2012,1.6
6/29/2012,1.67
7/2/2012,1.61
7/3/2012,1.65
7/5/2012,1.62
7/6/2012,1.57
7/9/2012,1.53
7/10/2012,1.53
7/11/2012,1.54
7/12/2012,1.5
7/13/2012,1.52
7/16/2012,1.5
7/17/2012,1.53
7/18/2012,1.52
7/19/2012,1.54
7/20/2012,1.49
7/23/2012,1.47
7/24/2012,1.44
7/25/2012,1.43
7/26/2012,1.45
7/27/2012,1.58
7/30/2012,1.53
7/31/2012,1.51
8/1/2012,1.56
8/2/2012,1.51
8/3/2012,1.6
8/6/2012,1.59
8/7/2012,1.66
8/8/2012,1.68
8/9/2012,1.69
8/10/2012,1.65
8/13/2012,1.65
8/14/2012,1.73
8/15/2012,1.8
8/16/2012,1.83
8/17/2012,1.81
8/20/2012,1.82
8/21/2012,1.8
8/22/2012,1.71
8/23/2012,1.68
8/24/2012,1.68
8/27/2012,1.65
8/28/2012,1.64
8/29/2012,1.66
8/30/2012,1.63
8/31/2012,1.57
9/4/2012,1.59
9/5/2012,1.6
9/6/2012,1.68
9/7/2012,1.67
9/10/2012,1.68
9/11/2012,1.7
9/12/2012,1.77
9/13/2012,1.75
9/14/2012,1.88
9/17/2012,1.85
9/18/2012,1.82
9/19/2012,1.79
9/20/2012,1.8
9/21/2012,1.77
9/24/2012,1.74
9/25/2012,1.7
9/26/2012,1.64
9/27/2012,1.66
9/28/2012,1.65
10/1/2012,1.64
10/2/2012,1.64
10/3/2012,1.64
10/4/2012,1.7
10/5/2012,1.75
10/9/2012,1.74
10/10/2012,1.72
10/11/2012,1.7
10/12/2012,1.69
10/15/2012,1.7
10/16/2012,1.75
10/17/2012,1.83
10/18/2012,1.86
10/19/2012,1.79
10/22/2012,1.83
10/23/2012,1.79
10/24/2012,1.8
10/25/2012,1.86
10/26/2012,1.78
10/29/2012,1.74
10/31/2012,1.72
11/1/2012,1.75
11/2/2012,1.75
11/5/2012,1.72
11/6/2012,1.78
11/7/2012,1.68
11/8/2012,1.62
11/9/2012,1.61
11/13/2012,1.59
11/14/2012,1.59
11/15/2012,1.58
11/16/2012,1.58
11/19/2012,1.61
11/20/2012,1.66
11/21/2012,1.69
11/23/2012,1.7
11/26/2012,1.66
11/27/2012,1.64
11/28/2012,1.63
11/29/2012,1.62
11/30/2012,1.62
12/3/2012,1.63
12/4/2012,1.62
12/5/2012,1.6
12/6/2012,1.59
12/7/2012,1.64
12/10/2012,1.63
12/11/2012,1.66
12/12/2012,1.72
12/13/2012,1.74
12/14/2012,1.72
12/17/2012,1.78
12/18/2012,1.84
12/19/2012,1.82
12/20/2012,1.81
12/21/2012,1.77
12/24/2012,1.79
12/26/2012,1.77
12/27/2012,1.74
12/28/2012,1.73
12/31/2012,1.78
1/2/2013,1.86
1/3/2013,1.92
1/4/2013,1.93
1/7/2013,1.92
1/8/2013,1.89
1/9/2013,1.88
1/10/2013,1.91
1/11/2013,1.89
1/14/2013,1.89
1/15/2013,1.86
1/16/2013,1.84
1/17/2013,1.89
1/18/2013,1.87
1/22/2013,1.86
1/23/2013,1.86
1/24/2013,1.88
1/25/2013,1.98
1/28/2013,2
1/29/2013,2.03
1/30/2013,2.03
1/31/2013,2.02
2/1/2013,2.04
2/4/2013,2
2/5/2013,2.04
2/6/2013,2
2/7/2013,1.99
2/8/2013,1.99
2/11/2013,1.99
2/12/2013,2.02
2/13/2013,2.05
2/14/2013,2
2/15/2013,2.01
2/19/2013,2.03
2/20/2013,2.02
2/21/2013,1.99
2/22/2013,1.97
2/25/2013,1.88
2/26/2013,1.88
2/27/2013,1.91
2/28/2013,1.89
3/1/2013,1.86
3/4/2013,1.88
3/5/2013,1.9
3/6/2013,1.95
3/7/2013,2
3/8/2013,2.06
3/11/2013,2.07
3/12/2013,2.03
3/13/2013,2.04
3/14/2013,2.04
3/15/2013,2.01
3/18/2013,1.96
3/19/2013,1.92
3/20/2013,1.96
3/21/2013,1.95
3/22/2013,1.93
3/25/2013,1.93
3/26/2013,1.92
3/27/2013,1.87
3/28/2013,1.87
4/1/2013,1.86
4/2/2013,1.88
4/3/2013,1.83
4/4/2013,1.78
4/5/2013,1.72
4/8/2013,1.76
4/9/2013,1.78
4/10/2013,1.84
4/11/2013,1.82
4/12/2013,1.75
4/15/2013,1.72
4/16/2013,1.75
4/17/2013,1.73
4/18/2013,1.72
4/19/2013,1.73
4/22/2013,1.72
4/23/2013,1.74
4/24/2013,1.73
4/25/2013,1.74
4/26/2013,1.7
4/29/2013,1.7
4/30/2013,1.7
5/1/2013,1.66
5/2/2013,1.66
5/3/2013,1.78
5/6/2013,1.8
5/7/2013,1.82
5/8/2013,1.81
5/9/2013,1.81
5/10/2013,1.9
5/13/2013,1.92
5/14/2013,1.96
5/15/2013,1.94
5/16/2013,1.87
5/17/2013,1.95
5/20/2013,1.97
5/21/2013,1.94
5/22/2013,2.03
5/23/2013,2.02
5/24/2013,2.01
5/28/2013,2.15
5/29/2013,2.13
5/30/2013,2.13
5/31/2013,2.16
6/3/2013,2.13
6/4/2013,2.14
6/5/2013,2.1
6/6/2013,2.08
6/7/2013,2.17
6/10/2013,2.22
6/11/2013,2.2
6/12/2013,2.25
6/13/2013,2.19
6/14/2013,2.14
6/17/2013,2.19
6/18/2013,2.2
6/19/2013,2.33
6/20/2013,2.41
6/21/2013,2.52
6/24/2013,2.57
6/25/2013,2.6
6/26/2013,2.55
6/27/2013,2.49
6/28/2013,2.52
7/1/2013,2.5
7/2/2013,2.48
7/3/2013,2.52
7/5/2013,2.73
7/8/2013,2.65
7/9/2013,2.65
7/10/2013,2.7
7/11/2013,2.6
7/12/2013,2.61
7/15/2013,2.57
7/16/2013,2.55
7/17/2013,2.52
7/18/2013,2.56
7/19/2013,2.5
7/22/2013,2.5
7/23/2013,2.53
7/24/2013,2.61
7/25/2013,2.61
7/26/2013,2.58
7/29/2013,2.61
7/30/2013,2.63
7/31/2013,2.6
8/1/2013,2.74
8/2/2013,2.63
8/5/2013,2.67
8/6/2013,2.67
8/7/2013,2.61
8/8/2013,2.58
8/9/2013,2.57
8/12/2013,2.61
8/13/2013,2.71
8/14/2013,2.71
8/15/2013,2.77
8/16/2013,2.84
8/19/2013,2.88
8/20/2013,2.82
8/21/2013,2.87
8/22/2013,2.9
8/23/2013,2.82
8/26/2013,2.79
8/27/2013,2.72
8/28/2013,2.78
8/29/2013,2.75
8/30/2013,2.78
9/3/2013,2.86
9/4/2013,2.9
9/5/2013,2.98
9/6/2013,2.94
9/9/2013,2.9
9/10/2013,2.96
9/11/2013,2.93
9/12/2013,2.92
9/13/2013,2.9
9/16/2013,2.88
9/17/2013,2.86
9/18/2013,2.69
9/19/2013,2.76
9/20/2013,2.75
9/23/2013,2.72
9/24/2013,2.67
9/25/2013,2.63
9/26/2013,2.66
9/27/2013,2.64
9/30/2013,2.64
10/1/2013,2.66
10/2/2013,2.63
10/3/2013,2.62
10/4/2013,2.66
10/7/2013,2.65
10/8/2013,2.66
10/9/2013,2.68
10/10/2013,2.71
10/11/2013,2.7
10/15/2013,2.75
10/16/2013,2.69
10/17/2013,2.61
10/18/2013,2.6
10/21/2013,2.63
10/22/2013,2.54
10/23/2013,2.51
10/24/2013,2.53
10/25/2013,2.53
10/28/2013,2.54
10/29/2013,2.53
10/30/2013,2.55
10/31/2013,2.57
11/1/2013,2.65
11/4/2013,2.63
11/5/2013,2.69
11/6/2013,2.67
11/7/2013,2.63
11/8/2013,2.77
11/12/2013,2.8
11/13/2013,2.75
11/14/2013,2.69
11/15/2013,2.71
11/18/2013,2.67
11/19/2013,2.71
11/20/2013,2.8
11/21/2013,2.79
11/22/2013,2.75
11/25/2013,2.74
11/26/2013,2.71
11/27/2013,2.74
11/29/2013,2.75
12/2/2013,2.81
12/3/2013,2.79
12/4/2013,2.84
12/5/2013,2.88
12/6/2013,2.88
12/9/2013,2.86
12/10/2013,2.81
12/11/2013,2.86
12/12/2013,2.89
12/13/2013,2.88
12/16/2013,2.89
12/17/2013,2.85
12/18/2013,2.89
12/19/2013,2.94
12/20/2013,2.89
12/23/2013,2.94
12/24/2013,2.99
12/26/2013,3
12/27/2013,3.02
12/30/2013,2.99
12/31/2013,3.04
1/2/2014,3
1/3/2014,3.01
1/6/2014,2.98
1/7/2014,2.96
1/8/2014,3.01
1/9/2014,2.97
1/10/2014,2.88
1/13/2014,2.84
1/14/2014,2.88
1/15/2014,2.9
1/16/2014,2.86
1/17/2014,2.84
1/21/2014,2.85
1/22/2014,2.87
1/23/2014,2.79
1/24/2014,2.75
1/27/2014,2.78
1/28/2014,2.77
1/29/2014,2.69
1/30/2014,2.72
1/31/2014,2.67
2/3/2014,2.61
2/4/2014,2.64
2/5/2014,2.7
2/6/2014,2.73
2/7/2014,2.71
2/10/2014,2.7
2/11/2014,2.75
2/12/2014,2.8
2/13/2014,2.73
2/14/2014,2.75
2/18/2014,2.71
2/19/2014,2.73
2/20/2014,2.76
2/21/2014,2.73
2/24/2014,2.75
2/25/2014,2.7
2/26/2014,2.67
2/27/2014,2.65
2/28/2014,2.66
3/3/2014,2.6
3/4/2014,2.7
3/5/2014,2.7
3/6/2014,2.74
3/7/2014,2.8
3/10/2014,2.79
3/11/2014,2.77
3/12/2014,2.73
3/13/2014,2.66
3/14/2014,2.65
3/17/2014,2.7
3/18/2014,2.68
3/19/2014,2.78
3/20/2014,2.79
3/21/2014,2.75
3/24/2014,2.74
3/25/2014,2.75
3/26/2014,2.71
3/27/2014,2.69
3/28/2014,2.73
3/31/2014,2.73
4/1/2014,2.77
4/2/2014,2.82
4/3/2014,2.8
4/4/2014,2.74
4/7/2014,2.71
4/8/2014,2.69
4/9/2014,2.71
4/10/2014,2.65
4/11/2014,2.63
4/14/2014,2.65
4/15/2014,2.64
4/16/2014,2.65
4/17/2014,2.73
4/21/2014,2.73
4/22/2014,2.73
4/23/2014,2.7
4/24/2014,2.7
4/25/2014,2.68
4/28/2014,2.7
4/29/2014,2.71
4/30/2014,2.67
5/1/2014,2.63
5/2/2014,2.6
5/5/2014,2.63
5/6/2014,2.61
5/7/2014,2.62
5/8/2014,2.61
5/9/2014,2.62
5/12/2014,2.66
5/13/2014,2.61
5/14/2014,2.54
5/15/2014,2.5
5/16/2014,2.52
5/19/2014,2.54
5/20/2014,2.52
5/21/2014,2.54
5/22/2014,2.56
5/23/2014,2.54
5/27/2014,2.52
5/28/2014,2.44
5/29/2014,2.45
5/30/2014,2.48
6/2/2014,2.54
6/3/2014,2.6
6/4/2014,2.61
6/5/2014,2.59
6/6/2014,2.6
6/9/2014,2.62
6/10/2014,2.64
6/11/2014,2.65
6/12/2014,2.58
6/13/2014,2.6
6/16/2014,2.61
6/17/2014,2.66
6/18/2014,2.61
6/19/2014,2.64
6/20/2014,2.63
6/23/2014,2.63
6/24/2014,2.59
6/25/2014,2.57
6/26/2014,2.53
6/27/2014,2.54
6/30/2014,2.53
7/1/2014,2.58
7/2/2014,2.64
7/3/2014,2.65
7/7/2014,2.63
7/8/2014,2.58
7/9/2014,2.57
7/10/2014,2.55
7/11/2014,2.53
7/14/2014,2.55
7/15/2014,2.56
7/16/2014,2.55
7/17/2014,2.47
7/18/2014,2.5
7/21/2014,2.49
7/22/2014,2.48
7/23/2014,2.48
7/24/2014,2.52
7/25/2014,2.48
7/28/2014,2.5
7/29/2014,2.47
7/30/2014,2.57
7/31/2014,2.58
8/1/2014,2.52
8/4/2014,2.51
8/5/2014,2.49
8/6/2014,2.49
8/7/2014,2.43
8/8/2014,2.44
8/11/2014,2.44
8/12/2014,2.46
8/13/2014,2.43
8/14/2014,2.4
8/15/2014,2.34
8/18/2014,2.39
8/19/2014,2.4
8/20/2014,2.43
8/21/2014,2.41
8/22/2014,2.4
8/25/2014,2.39
8/26/2014,2.39
8/27/2014,2.37
8/28/2014,2.34
8/29/2014,2.35
9/2/2014,2.42
9/3/2014,2.41
9/4/2014,2.45
9/5/2014,2.46
9/8/2014,2.48
9/9/2014,2.5
9/10/2014,2.54
9/11/2014,2.54
9/12/2014,2.62
9/15/2014,2.6
9/16/2014,2.6
9/17/2014,2.62
9/18/2014,2.63
9/19/2014,2.59
9/22/2014,2.57
9/23/2014,2.54
9/24/2014,2.57
9/25/2014,2.52
9/26/2014,2.54
9/29/2014,2.5
9/30/2014,2.52
10/1/2014,2.42
10/2/2014,2.44
10/3/2014,2.45
10/6/2014,2.43
10/7/2014,2.36
10/8/2014,2.35
10/9/2014,2.34
10/10/2014,2.31
10/14/2014,2.21
10/15/2014,2.15
10/16/2014,2.17
10/17/2014,2.22
10/20/2014,2.2
10/21/2014,2.23
10/22/2014,2.25
10/23/2014,2.29
10/24/2014,2.29
10/27/2014,2.27
10/28/2014,2.3
10/29/2014,2.34
10/30/2014,2.32
10/31/2014,2.35
11/3/2014,2.36
11/4/2014,2.35
11/5/2014,2.36
11/6/2014,2.39
11/7/2014,2.32
11/10/2014,2.38
11/12/2014,2.37
11/13/2014,2.35
11/14/2014,2.32
11/17/2014,2.34
11/18/2014,2.32
11/19/2014,2.36
11/20/2014,2.34
11/21/2014,2.31
11/24/2014,2.3
11/25/2014,2.27
11/26/2014,2.24
11/28/2014,2.18
12/1/2014,2.22
12/2/2014,2.28
12/3/2014,2.29
12/4/2014,2.25
12/5/2014,2.31
12/8/2014,2.26
12/9/2014,2.22
12/10/2014,2.18
12/11/2014,2.19
12/12/2014,2.1
12/15/2014,2.12
12/16/2014,2.07
12/17/2014,2.14
12/18/2014,2.22
12/19/2014,2.17
12/22/2014,2.17
12/23/2014,2.26
12/24/2014,2.27
12/26/2014,2.25
12/29/2014,2.22
12/30/2014,2.2
12/31/2014,2.17
1/2/2015,2.12
1/5/2015,2.04
1/6/2015,1.97
1/7/2015,1.96
1/8/2015,2.03
1/9/2015,1.98
1/12/2015,1.92
1/13/2015,1.91
1/14/2015,1.86
1/15/2015,1.77
1/16/2015,1.83
1/20/2015,1.82
1/21/2015,1.87
1/22/2015,1.9
1/23/2015,1.81
1/26/2015,1.83
1/27/2015,1.83
1/28/2015,1.73
1/29/2015,1.77
1/30/2015,1.68
2/2/2015,1.68
2/3/2015,1.79
2/4/2015,1.81
2/5/2015,1.83
2/6/2015,1.95
2/9/2015,1.96
2/10/2015,2.01
2/11/2015,2
2/12/2015,1.99
2/13/2015,2.02
2/17/2015,2.14
2/18/2015,2.07
2/19/2015,2.11
2/20/2015,2.13
2/23/2015,2.06
2/24/2015,1.99
2/25/2015,1.96
2/26/2015,2.03
2/27/2015,2
3/2/2015,2.08
3/3/2015,2.12
3/4/2015,2.12
3/5/2015,2.11
3/6/2015,2.24
3/9/2015,2.2
3/10/2015,2.14
3/11/2015,2.11
3/12/2015,2.1
3/13/2015,2.13
3/16/2015,2.1
3/17/2015,2.06
3/18/2015,1.93
3/19/2015,1.98
3/20/2015,1.93
3/23/2015,1.92
3/24/2015,1.88
3/25/2015,1.93
3/26/2015,2.01
3/27/2015,1.95
3/30/2015,1.96
3/31/2015,1.94
4/1/2015,1.87
4/2/2015,1.92
4/3/2015,1.85
4/6/2015,1.92
4/7/2015,1.89
4/8/2015,1.92
4/9/2015,1.97
4/10/2015,1.96
4/13/2015,1.94
4/14/2015,1.9
4/15/2015,1.91
4/16/2015,1.9
4/17/2015,1.87
4/20/2015,1.9
4/21/2015,1.92
4/22/2015,1.99
4/23/2015,1.96
4/24/2015,1.93
4/27/2015,1.94
4/28/2015,2
4/29/2015,2.06
4/30/2015,2.05
5/1/2015,2.12
5/4/2015,2.16
5/5/2015,2.19
5/6/2015,2.25
5/7/2015,2.18
5/8/2015,2.16
5/11/2015,2.28
5/12/2015,2.28
5/13/2015,2.27
5/14/2015,2.23
5/15/2015,2.14
5/18/2015,2.23
5/19/2015,2.27
5/20/2015,2.26
5/21/2015,2.19
5/22/2015,2.21
5/26/2015,2.14
5/27/2015,2.14
5/28/2015,2.13
5/29/2015,2.12
6/1/2015,2.19
6/2/2015,2.27
6/3/2015,2.38
6/4/2015,2.31
6/5/2015,2.41
6/8/2015,2.39
6/9/2015,2.42
6/10/2015,2.5
6/11/2015,2.39
6/12/2015,2.39
6/15/2015,2.36
6/16/2015,2.32
6/17/2015,2.32
6/18/2015,2.35
6/19/2015,2.26
6/22/2015,2.37
6/23/2015,2.42
6/24/2015,2.38
6/25/2015,2.4
6/26/2015,2.49
6/29/2015,2.33
6/30/2015,2.35
7/1/2015,2.43
7/2/2015,2.4
7/6/2015,2.3
7/7/2015,2.27
7/8/2015,2.22
7/9/2015,2.32
7/10/2015,2.42
7/13/2015,2.44
7/14/2015,2.41
7/15/2015,2.36
7/16/2015,2.36
7/17/2015,2.34
7/20/2015,2.38
7/21/2015,2.35
7/22/2015,2.33
7/23/2015,2.28
7/24/2015,2.27
7/27/2015,2.23
7/28/2015,2.26
7/29/2015,2.29
7/30/2015,2.28
7/31/2015,2.2
8/3/2015,2.16
8/4/2015,2.23
8/5/2015,2.28
8/6/2015,2.23
8/7/2015,2.18
8/10/2015,2.24
8/11/2015,2.15
8/12/2015,2.14
8/13/2015,2.19
8/14/2015,2.2
8/17/2015,2.16
8/18/2015,2.2
8/19/2015,2.12
8/20/2015,2.09
8/21/2015,2.05
8/24/2015,2.01
8/25/2015,2.12
8/26/2015,2.18
8/27/2015,2.18
8/28/2015,2.19
8/31/2015,2.21
9/1/2015,2.17
9/2/2015,2.2
9/3/2015,2.18
9/4/2015,2.13
9/8/2015,2.2
9/9/2015,2.21
9/10/2015,2.23
9/11/2015,2.2
9/14/2015,2.18
9/15/2015,2.28
9/16/2015,2.3
9/17/2015,2.21
9/18/2015,2.13
9/21/2015,2.2
9/22/2015,2.14
9/23/2015,2.16
9/24/2015,2.13
9/25/2015,2.17
9/28/2015,2.1
9/29/2015,2.05
9/30/2015,2.06
10/1/2015,2.05
10/2/2015,1.99
10/5/2015,2.07
10/6/2015,2.05
10/7/2015,2.08
10/8/2015,2.12
10/9/2015,2.12
10/13/2015,2.06
10/14/2015,1.99
10/15/2015,2.04
10/16/2015,2.04
10/19/2015,2.04
10/20/2015,2.08
10/21/2015,2.04
10/22/2015,2.04
10/23/2015,2.09
10/26/2015,2.07
10/27/2015,2.05
10/28/2015,2.1
10/29/2015,2.19
10/30/2015,2.16
11/2/2015,2.2
11/3/2015,2.23
11/4/2015,2.25
11/5/2015,2.26
11/6/2015,2.34
11/9/2015,2.36
11/10/2015,2.32
11/12/2015,2.32
11/13/2015,2.28
11/16/2015,2.27
11/17/2015,2.25
11/18/2015,2.27
11/19/2015,2.24
11/20/2015,2.26
11/23/2015,2.25
11/24/2015,2.24
11/25/2015,2.23
11/27/2015,2.22
11/30/2015,2.21
12/1/2015,2.15
12/2/2015,2.18
12/3/2015,2.33
12/4/2015,2.28
12/7/2015,2.23
12/8/2015,2.24
12/9/2015,2.22
12/10/2015,2.24
12/11/2015,2.13
12/14/2015,2.23
12/15/2015,2.28
12/16/2015,2.3
12/17/2015,2.24
12/18/2015,2.19
12/21/2015,2.2
12/22/2015,2.24
12/23/2015,2.27
12/24/2015,2.25
12/28/2015,2.24
12/29/2015,2.32
12/30/2015,2.31
12/31/2015,2.27
1/4/2016,2.24
1/5/2016,2.25
1/6/2016,2.18
1/7/2016,2.16
1/8/2016,2.13
1/11/2016,2.17
1/12/2016,2.12
1/13/2016,2.08
1/14/2016,2.1
1/15/2016,2.03
1/19/2016,2.06
1/20/2016,2.01
1/21/2016,2.02
1/22/2016,2.07
1/25/2016,2.03
1/26/2016,2.01
1/27/2016,2.02
1/28/2016,2
1/29/2016,1.94
2/1/2016,1.97
2/2/2016,1.87
2/3/2016,1.88
2/4/2016,1.87
2/5/2016,1.86
2/8/2016,1.75
2/9/2016,1.74
2/10/2016,1.71
2/11/2016,1.63
2/12/2016,1.74
2/16/2016,1.78
2/17/2016,1.81
2/18/2016,1.75
2/19/2016,1.76
2/22/2016,1.77
2/23/2016,1.74
2/24/2016,1.75
2/25/2016,1.71
2/26/2016,1.76
2/29/2016,1.74
3/1/2016,1.83
3/2/2016,1.84
3/3/2016,1.83
3/4/2016,1.88
3/7/2016,1.91
3/8/2016,1.83
3/9/2016,1.9
3/10/2016,1.93
3/11/2016,1.98
3/14/2016,1.97
3/15/2016,1.97
3/16/2016,1.94
3/17/2016,1.91
3/18/2016,1.88
3/21/2016,1.92
3/22/2016,1.94
3/23/2016,1.88
3/24/2016,1.91
3/28/2016,1.89
3/29/2016,1.81
3/30/2016,1.83
3/31/2016,1.78
4/1/2016,1.79
4/4/2016,1.78
4/5/2016,1.73
4/6/2016,1.76
4/7/2016,1.7
4/8/2016,1.72
4/11/2016,1.73
4/12/2016,1.79
4/13/2016,1.77
4/14/2016,1.8
4/15/2016,1.76
4/18/2016,1.78
4/19/2016,1.79
4/20/2016,1.85
4/21/2016,1.88
4/22/2016,1.89
4/25/2016,1.91
4/26/2016,1.94
4/27/2016,1.87
4/28/2016,1.84
4/29/2016,1.83
5/2/2016,1.88
5/3/2016,1.81
5/4/2016,1.79
5/5/2016,1.76
5/6/2016,1.79
5/9/2016,1.77
5/10/2016,1.77
5/11/2016,1.73
5/12/2016,1.75
5/13/2016,1.71
5/16/2016,1.75
5/17/2016,1.76
5/18/2016,1.87
5/19/2016,1.85
5/20/2016,1.85
5/23/2016,1.84
5/24/2016,1.86
5/25/2016,1.87
5/26/2016,1.83
5/27/2016,1.85
5/31/2016,1.84
6/1/2016,1.85
6/2/2016,1.81
6/3/2016,1.71
6/6/2016,1.73
6/7/2016,1.72
6/8/2016,1.71
6/9/2016,1.68
6/10/2016,1.64
6/13/2016,1.62
6/14/2016,1.62
6/15/2016,1.6
6/16/2016,1.57
6/17/2016,1.62
6/20/2016,1.67
6/21/2016,1.71
6/22/2016,1.69
6/23/2016,1.74
6/24/2016,1.57
6/27/2016,1.46
6/28/2016,1.46
6/29/2016,1.5
6/30/2016,1.49
7/1/2016,1.46
7/5/2016,1.37
7/6/2016,1.38
7/7/2016,1.4
7/8/2016,1.37
7/11/2016,1.43
7/12/2016,1.53
7/13/2016,1.48
7/14/2016,1.53
7/15/2016,1.6
7/18/2016,1.59
7/19/2016,1.56
7/20/2016,1.59
7/21/2016,1.57
7/22/2016,1.57
7/25/2016,1.58
7/26/2016,1.57
7/27/2016,1.52
7/28/2016,1.52
7/29/2016,1.46
8/1/2016,1.51
8/2/2016,1.55
8/3/2016,1.55
8/4/2016,1.51
8/5/2016,1.59
8/8/2016,1.59
8/9/2016,1.55
8/10/2016,1.5
8/11/2016,1.57
8/12/2016,1.51
8/15/2016,1.55
8/16/2016,1.57
8/17/2016,1.56
8/18/2016,1.53
8/19/2016,1.58
8/22/2016,1.55
8/23/2016,1.55
8/24/2016,1.56
8/25/2016,1.58
8/26/2016,1.62
8/29/2016,1.57
8/30/2016,1.57
8/31/2016,1.58
9/1/2016,1.57
9/2/2016,1.6
9/6/2016,1.55
9/7/2016,1.54
9/8/2016,1.61
9/9/2016,1.67
9/12/2016,1.68
9/13/2016,1.73
9/14/2016,1.7
9/15/2016,1.71
9/16/2016,1.7
9/19/2016,1.7
9/20/2016,1.69
9/21/2016,1.66
9/22/2016,1.63
9/23/2016,1.62
9/26/2016,1.59
9/27/2016,1.56
9/28/2016,1.57
9/29/2016,1.56
9/30/2016,1.6
10/3/2016,1.63
10/4/2016,1.69
10/5/2016,1.72
10/6/2016,1.75
10/7/2016,1.73
10/11/2016,1.77
10/12/2016,1.79
10/13/2016,1.75
10/14/2016,1.8
10/17/2016,1.77
10/18/2016,1.75
10/19/2016,1.76
10/20/2016,1.76
10/21/2016,1.74
10/24/2016,1.77
10/25/2016,1.77
10/26/2016,1.79
10/27/2016,1.85
10/28/2016,1.86
10/31/2016,1.84
11/1/2016,1.83
11/2/2016,1.81
11/3/2016,1.82
11/4/2016,1.79
11/7/2016,1.83
11/8/2016,1.88
11/9/2016,2.07
11/10/2016,2.15
11/14/2016,2.23
11/15/2016,2.23
11/16/2016,2.22
11/17/2016,2.29
11/18/2016,2.34
11/21/2016,2.33
11/22/2016,2.31
11/23/2016,2.36
11/25/2016,2.36
11/28/2016,2.32
11/29/2016,2.3
11/30/2016,2.37
12/1/2016,2.45
12/2/2016,2.4
12/5/2016,2.39
12/6/2016,2.39
12/7/2016,2.34
12/8/2016,2.4
12/9/2016,2.47
12/12/2016,2.49
12/13/2016,2.48
12/14/2016,2.54
12/15/2016,2.6
12/16/2016,2.6
12/19/2016,2.54
12/20/2016,2.57
12/21/2016,2.55
12/22/2016,2.55
12/23/2016,2.55
12/27/2016,2.57
12/28/2016,2.51
12/29/2016,2.49
12/30/2016,2.45
1/3/2017,2.45
1/4/2017,2.46
1/5/2017,2.37
1/6/2017,2.42
1/9/2017,2.38
1/10/2017,2.38
1/11/2017,2.38
1/12/2017,2.36
1/13/2017,2.4
1/17/2017,2.33
1/18/2017,2.42
1/19/2017,2.47
1/20/2017,2.48
1/23/2017,2.41
1/24/2017,2.47
1/25/2017,2.53
1/26/2017,2.51
1/27/2017,2.49
1/30/2017,2.49
1/31/2017,2.45
2/1/2017,2.48
2/2/2017,2.48
2/3/2017,2.49
2/6/2017,2.42
2/7/2017,2.4
2/8/2017,2.34
2/9/2017,2.4
2/10/2017,2.41
2/13/2017,2.43
2/14/2017,2.47
2/15/2017,2.51
2/16/2017,2.45
2/17/2017,2.42
2/21/2017,2.43
2/22/2017,2.42
2/23/2017,2.38
2/24/2017,2.31
2/27/2017,2.36
2/28/2017,2.36
3/1/2017,2.46
3/2/2017,2.49
3/3/2017,2.49
3/6/2017,2.49
3/7/2017,2.52
3/8/2017,2.57
3/9/2017,2.6
3/10/2017,2.58
3/13/2017,2.62
3/14/2017,2.6
3/15/2017,2.51
3/16/2017,2.53
3/17/2017,2.5
3/20/2017,2.47
3/21/2017,2.43
3/22/2017,2.4
3/23/2017,2.41
3/24/2017,2.4
3/27/2017,2.38
3/28/2017,2.42
3/29/2017,2.39
3/30/2017,2.42
3/31/2017,2.4
4/3/2017,2.35
4/4/2017,2.36
4/5/2017,2.34
4/6/2017,2.34
4/7/2017,2.38
4/10/2017,2.37
4/11/2017,2.32
4/12/2017,2.28
4/13/2017,2.24
4/17/2017,2.26
4/18/2017,2.18
4/19/2017,2.21
4/20/2017,2.24
4/21/2017,2.24
4/24/2017,2.28
4/25/2017,2.35
4/26/2017,2.32
4/27/2017,2.3
4/28/2017,2.29
5/1/2017,2.33
5/2/2017,2.29
5/3/2017,2.33
5/4/2017,2.36
5/5/2017,2.36
5/8/2017,2.39
5/9/2017,2.42
5/10/2017,2.41
5/11/2017,2.39
5/12/2017,2.33
5/15/2017,2.34
5/16/2017,2.33
5/17/2017,2.22
5/18/2017,2.23
5/19/2017,2.23
5/22/2017,2.25
5/23/2017,2.29
5/24/2017,2.26
5/25/2017,2.25
5/26/2017,2.25
5/30/2017,2.21
5/31/2017,2.21
6/1/2017,2.21
6/2/2017,2.15
6/5/2017,2.18
6/6/2017,2.14
6/7/2017,2.18
6/8/2017,2.19
