observation_date,SP500
6/11/2007,1509.12
6/12/2007,1493
6/13/2007,1515.67
6/14/2007,1522.97
6/15/2007,1532.91
6/18/2007,1531.05
6/19/2007,1533.7
6/20/2007,1512.84
6/21/2007,1522.19
6/22/2007,1502.56
6/25/2007,1497.74
6/26/2007,1492.89
6/27/2007,1506.34
6/28/2007,1505.71
6/29/2007,1503.35
7/2/2007,1519.43
7/3/2007,1524.87
7/5/2007,1525.4
7/6/2007,1530.44
7/9/2007,1531.85
7/10/2007,1510.12
7/11/2007,1518.76
7/12/2007,1547.7
7/13/2007,1552.5
7/16/2007,1549.52
7/17/2007,1549.37
7/18/2007,1546.17
7/19/2007,1553.08
7/20/2007,1534.1
7/23/2007,1541.57
7/24/2007,1511.04
7/25/2007,1518.09
7/26/2007,1482.66
7/27/2007,1458.95
7/30/2007,1473.91
7/31/2007,1455.27
8/1/2007,1465.81
8/2/2007,1472.2
8/3/2007,1433.06
8/6/2007,1467.67
8/7/2007,1476.71
8/8/2007,1497.49
8/9/2007,1453.09
8/10/2007,1453.64
8/13/2007,1452.92
8/14/2007,1426.54
8/15/2007,1406.7
8/16/2007,1411.27
8/17/2007,1445.94
8/20/2007,1445.55
8/21/2007,1447.12
8/22/2007,1464.07
8/23/2007,1462.5
8/24/2007,1479.37
8/27/2007,1466.79
8/28/2007,1432.36
8/29/2007,1463.76
8/30/2007,1457.64
8/31/2007,1473.99
9/4/2007,1489.42
9/5/2007,1472.29
9/6/2007,1478.55
9/7/2007,1453.55
9/10/2007,1451.7
9/11/2007,1471.49
9/12/2007,1471.56
9/13/2007,1483.95
9/14/2007,1484.25
9/17/2007,1476.65
9/18/2007,1519.78
9/19/2007,1529.03
9/20/2007,1518.75
9/21/2007,1525.75
9/24/2007,1517.73
9/25/2007,1517.21
9/26/2007,1525.42
9/27/2007,1531.38
9/28/2007,1526.75
10/1/2007,1547.04
10/2/2007,1546.63
10/3/2007,1539.59
10/4/2007,1542.84
10/5/2007,1557.59
10/8/2007,1552.58
10/9/2007,1565.15
10/10/2007,1562.47
10/11/2007,1554.41
10/12/2007,1561.8
10/15/2007,1548.71
10/16/2007,1538.53
10/17/2007,1541.24
10/18/2007,1540.08
10/19/2007,1500.63
10/22/2007,1506.33
10/23/2007,1519.59
10/24/2007,1515.88
10/25/2007,1514.4
10/26/2007,1535.28
10/29/2007,1540.98
10/30/2007,1531.02
10/31/2007,1549.38
11/1/2007,1508.44
11/2/2007,1509.65
11/5/2007,1502.17
11/6/2007,1520.27
11/7/2007,1475.62
11/8/2007,1474.77
11/9/2007,1453.7
11/12/2007,1439.18
11/13/2007,1481.05
11/14/2007,1470.58
11/15/2007,1451.15
11/16/2007,1458.74
11/19/2007,1433.27
11/20/2007,1439.7
11/21/2007,1416.77
11/23/2007,1440.7
11/26/2007,1407.22
11/27/2007,1428.23
11/28/2007,1469.02
11/29/2007,1469.72
11/30/2007,1481.14
12/3/2007,1472.42
12/4/2007,1462.79
12/5/2007,1485.01
12/6/2007,1507.34
12/7/2007,1504.66
12/10/2007,1515.96
12/11/2007,1477.65
12/12/2007,1486.59
12/13/2007,1488.41
12/14/2007,1467.95
12/17/2007,1445.9
12/18/2007,1454.98
12/19/2007,1453
12/20/2007,1460.12
12/21/2007,1484.46
12/24/2007,1496.45
12/26/2007,1497.66
12/27/2007,1476.37
12/28/2007,1478.49
12/31/2007,1468.36
1/2/2008,1447.16
1/3/2008,1447.16
1/4/2008,1411.63
1/7/2008,1416.18
1/8/2008,1390.19
1/9/2008,1409.13
1/10/2008,1420.33
1/11/2008,1401.02
1/14/2008,1416.25
1/15/2008,1380.95
1/16/2008,1373.2
1/17/2008,1333.25
1/18/2008,1325.19
1/22/2008,1310.5
1/23/2008,1338.6
1/24/2008,1352.07
1/25/2008,1330.61
1/28/2008,1353.97
1/29/2008,1362.3
1/30/2008,1355.81
1/31/2008,1378.55
2/1/2008,1395.42
2/4/2008,1380.82
2/5/2008,1336.64
2/6/2008,1326.45
2/7/2008,1336.91
2/8/2008,1331.29
2/11/2008,1339.13
2/12/2008,1348.86
2/13/2008,1367.21
2/14/2008,1348.86
2/15/2008,1349.99
2/19/2008,1348.78
2/20/2008,1360.03
2/21/2008,1342.53
2/22/2008,1353.11
2/25/2008,1371.8
2/26/2008,1381.29
2/27/2008,1380.02
2/28/2008,1367.68
2/29/2008,1330.63
3/3/2008,1331.34
3/4/2008,1326.75
3/5/2008,1333.7
3/6/2008,1304.34
3/7/2008,1293.37
3/10/2008,1273.37
3/11/2008,1320.65
3/12/2008,1308.77
3/13/2008,1315.48
3/14/2008,1288.14
3/17/2008,1276.6
3/18/2008,1330.74
3/19/2008,1298.42
3/20/2008,1329.51
3/24/2008,1349.88
3/25/2008,1352.99
3/26/2008,1341.13
3/27/2008,1325.76
3/28/2008,1315.22
3/31/2008,1322.7
4/1/2008,1370.18
4/2/2008,1367.53
4/3/2008,1369.31
4/4/2008,1370.4
4/7/2008,1372.54
4/8/2008,1365.54
4/9/2008,1354.49
4/10/2008,1360.55
4/11/2008,1332.83
4/14/2008,1328.32
4/15/2008,1334.43
4/16/2008,1364.71
4/17/2008,1365.56
4/18/2008,1390.33
4/21/2008,1388.17
4/22/2008,1375.94
4/23/2008,1379.93
4/24/2008,1388.82
4/25/2008,1397.84
4/28/2008,1396.37
4/29/2008,1390.94
4/30/2008,1385.59
5/1/2008,1409.34
5/2/2008,1413.9
5/5/2008,1407.49
5/6/2008,1418.26
5/7/2008,1392.57
5/8/2008,1397.68
5/9/2008,1388.28
5/12/2008,1403.58
5/13/2008,1403.04
5/14/2008,1408.66
5/15/2008,1423.57
5/16/2008,1425.35
5/19/2008,1426.63
5/20/2008,1413.4
5/21/2008,1390.71
5/22/2008,1394.35
5/23/2008,1375.93
5/27/2008,1385.35
5/28/2008,1390.84
5/29/2008,1398.26
5/30/2008,1400.38
6/2/2008,1385.67
6/3/2008,1377.65
6/4/2008,1377.2
6/5/2008,1404.05
6/6/2008,1360.68
6/9/2008,1361.76
6/10/2008,1358.44
6/11/2008,1335.49
6/12/2008,1339.87
6/13/2008,1360.03
6/16/2008,1360.14
6/17/2008,1350.93
6/18/2008,1337.81
6/19/2008,1342.83
6/20/2008,1317.93
6/23/2008,1318
6/24/2008,1314.29
6/25/2008,1321.97
6/26/2008,1283.15
6/27/2008,1278.38
6/30/2008,1280
7/1/2008,1284.91
7/2/2008,1261.52
7/3/2008,1262.9
7/7/2008,1252.31
7/8/2008,1273.7
7/9/2008,1244.69
7/10/2008,1253.39
7/11/2008,1239.49
7/14/2008,1228.3
7/15/2008,1214.91
7/16/2008,1245.36
7/17/2008,1260.32
7/18/2008,1260.68
7/21/2008,1260
7/22/2008,1277
7/23/2008,1282.19
7/24/2008,1252.54
7/25/2008,1257.76
7/28/2008,1234.37
7/29/2008,1263.2
7/30/2008,1284.26
7/31/2008,1267.38
8/1/2008,1260.31
8/4/2008,1249.01
8/5/2008,1284.88
8/6/2008,1289.19
8/7/2008,1266.07
8/8/2008,1296.32
8/11/2008,1305.32
8/12/2008,1289.59
8/13/2008,1285.83
8/14/2008,1292.93
8/15/2008,1298.2
8/18/2008,1278.6
8/19/2008,1266.69
8/20/2008,1274.54
8/21/2008,1277.72
8/22/2008,1292.2
8/25/2008,1266.84
8/26/2008,1271.51
8/27/2008,1281.66
8/28/2008,1300.68
8/29/2008,1282.83
9/2/2008,1277.58
9/3/2008,1274.98
9/4/2008,1236.83
9/5/2008,1242.31
9/8/2008,1267.79
9/9/2008,1224.51
9/10/2008,1232.04
9/11/2008,1249.05
9/12/2008,1251.7
9/15/2008,1192.7
9/16/2008,1213.59
9/17/2008,1156.39
9/18/2008,1206.51
9/19/2008,1255.08
9/22/2008,1207.09
9/23/2008,1188.22
9/24/2008,1185.87
9/25/2008,1209.18
9/26/2008,1213.01
9/29/2008,1106.39
9/30/2008,1166.36
10/1/2008,1161.06
10/2/2008,1114.28
10/3/2008,1099.23
10/6/2008,1056.89
10/7/2008,996.23
10/8/2008,984.94
10/9/2008,909.92
10/10/2008,899.22
10/13/2008,1003.35
10/14/2008,998.01
10/15/2008,907.84
10/16/2008,946.43
10/17/2008,940.55
10/20/2008,985.4
10/21/2008,955.05
10/22/2008,896.78
10/23/2008,908.11
10/24/2008,876.77
10/27/2008,848.92
10/28/2008,940.51
10/29/2008,930.09
10/30/2008,954.09
10/31/2008,968.75
11/3/2008,966.3
11/4/2008,1005.75
11/5/2008,952.77
11/6/2008,904.88
11/7/2008,930.99
11/10/2008,919.21
11/11/2008,898.95
11/12/2008,852.3
11/13/2008,911.29
11/14/2008,873.29
11/17/2008,850.75
11/18/2008,859.12
11/19/2008,806.58
11/20/2008,752.44
11/21/2008,800.03
11/24/2008,851.81
11/25/2008,857.39
11/26/2008,887.68
11/28/2008,896.24
12/1/2008,816.21
12/2/2008,848.81
12/3/2008,870.74
12/4/2008,845.22
12/5/2008,876.07
12/8/2008,909.7
12/9/2008,888.67
12/10/2008,899.24
12/11/2008,873.59
12/12/2008,879.73
12/15/2008,868.57
12/16/2008,913.18
12/17/2008,904.42
12/18/2008,885.28
12/19/2008,887.88
12/22/2008,871.63
12/23/2008,863.16
12/24/2008,868.15
12/26/2008,872.8
12/29/2008,869.42
12/30/2008,890.64
12/31/2008,903.25
1/2/2009,931.8
1/5/2009,927.45
1/6/2009,934.7
1/7/2009,906.65
1/8/2009,909.73
1/9/2009,890.35
1/12/2009,870.26
1/13/2009,871.79
1/14/2009,842.62
1/15/2009,843.74
1/16/2009,850.12
1/20/2009,805.22
1/21/2009,840.24
1/22/2009,827.5
1/23/2009,831.95
1/26/2009,836.57
1/27/2009,845.71
1/28/2009,874.09
1/29/2009,845.14
1/30/2009,825.88
2/2/2009,825.44
2/3/2009,838.51
2/4/2009,832.23
2/5/2009,845.85
2/6/2009,868.6
2/9/2009,869.89
2/10/2009,827.16
2/11/2009,833.74
2/12/2009,835.19
2/13/2009,826.84
2/17/2009,789.17
2/18/2009,788.42
2/19/2009,778.94
2/20/2009,770.05
2/23/2009,743.33
2/24/2009,773.14
2/25/2009,764.9
2/26/2009,752.83
2/27/2009,735.09
3/2/2009,700.82
3/3/2009,696.33
3/4/2009,712.87
3/5/2009,682.55
3/6/2009,683.38
3/9/2009,676.53
3/10/2009,719.6
3/11/2009,721.36
3/12/2009,750.74
3/13/2009,756.55
3/16/2009,753.89
3/17/2009,778.12
3/18/2009,794.35
3/19/2009,784.04
3/20/2009,768.54
3/23/2009,822.92
3/24/2009,806.12
3/25/2009,813.88
3/26/2009,832.86
3/27/2009,815.94
3/30/2009,787.53
3/31/2009,797.87
4/1/2009,811.08
4/2/2009,834.38
4/3/2009,842.5
4/6/2009,835.48
4/7/2009,815.55
4/8/2009,825.16
4/9/2009,856.56
4/13/2009,858.73
4/14/2009,841.5
4/15/2009,852.06
4/16/2009,865.3
4/17/2009,869.6
4/20/2009,832.39
4/21/2009,850.08
4/22/2009,843.55
4/23/2009,851.92
4/24/2009,866.23
4/27/2009,857.51
4/28/2009,855.16
4/29/2009,873.64
4/30/2009,872.81
5/1/2009,877.52
5/4/2009,907.24
5/5/2009,903.8
5/6/2009,919.53
5/7/2009,907.39
5/8/2009,929.23
5/11/2009,909.24
5/12/2009,908.35
5/13/2009,883.92
5/14/2009,893.07
5/15/2009,882.88
5/18/2009,909.71
5/19/2009,908.13
5/20/2009,903.47
5/21/2009,888.33
5/22/2009,887
5/26/2009,910.33
5/27/2009,893.06
5/28/2009,906.83
5/29/2009,919.14
6/1/2009,942.87
6/2/2009,944.74
6/3/2009,931.76
6/4/2009,942.46
6/5/2009,940.09
6/8/2009,939.14
6/9/2009,942.43
6/10/2009,939.15
6/11/2009,944.89
6/12/2009,946.21
6/15/2009,923.72
6/16/2009,911.97
6/17/2009,910.71
6/18/2009,918.37
6/19/2009,921.23
6/22/2009,893.04
6/23/2009,895.1
6/24/2009,900.94
6/25/2009,920.26
6/26/2009,918.9
6/29/2009,927.23
6/30/2009,919.32
7/1/2009,923.33
7/2/2009,896.42
7/6/2009,898.72
7/7/2009,881.03
7/8/2009,879.56
7/9/2009,882.68
7/10/2009,879.13
7/13/2009,901.05
7/14/2009,905.84
7/15/2009,932.68
7/16/2009,940.74
7/17/2009,940.38
7/20/2009,951.13
7/21/2009,954.58
7/22/2009,954.07
7/23/2009,976.29
7/24/2009,979.26
7/27/2009,982.18
7/28/2009,979.62
7/29/2009,975.15
7/30/2009,986.75
7/31/2009,987.48
8/3/2009,1002.63
8/4/2009,1005.65
8/5/2009,1002.72
8/6/2009,997.08
8/7/2009,1010.48
8/10/2009,1007.1
8/11/2009,994.35
8/12/2009,1005.81
8/13/2009,1012.73
8/14/2009,1004.09
8/17/2009,979.73
8/18/2009,989.67
8/19/2009,996.46
8/20/2009,1007.37
8/21/2009,1026.13
8/24/2009,1025.57
8/25/2009,1028
8/26/2009,1028.12
8/27/2009,1030.98
8/28/2009,1028.93
8/31/2009,1020.62
9/1/2009,998.04
9/2/2009,994.75
9/3/2009,1003.24
9/4/2009,1016.4
9/8/2009,1025.39
9/9/2009,1033.37
9/10/2009,1044.14
9/11/2009,1042.73
9/14/2009,1049.34
9/15/2009,1052.63
9/16/2009,1068.76
9/17/2009,1065.49
9/18/2009,1068.3
9/21/2009,1064.66
9/22/2009,1071.66
9/23/2009,1060.87
9/24/2009,1050.78
9/25/2009,1044.38
9/28/2009,1062.98
9/29/2009,1060.61
9/30/2009,1057.08
10/1/2009,1029.85
10/2/2009,1025.21
10/5/2009,1040.46
10/6/2009,1054.72
10/7/2009,1057.58
10/8/2009,1065.48
10/9/2009,1071.49
10/12/2009,1076.19
10/13/2009,1073.19
10/14/2009,1092.02
10/15/2009,1096.56
10/16/2009,1087.68
10/19/2009,1097.91
10/20/2009,1091.06
10/21/2009,1081.4
10/22/2009,1092.91
10/23/2009,1079.6
10/26/2009,1066.95
10/27/2009,1063.41
10/28/2009,1042.63
10/29/2009,1066.11
10/30/2009,1036.19
11/2/2009,1042.88
11/3/2009,1045.41
11/4/2009,1046.5
11/5/2009,1066.63
11/6/2009,1069.3
11/9/2009,1093.08
11/10/2009,1093.01
11/11/2009,1098.51
11/12/2009,1087.24
11/13/2009,1093.48
11/16/2009,1109.3
11/17/2009,1110.32
11/18/2009,1109.8
11/19/2009,1094.9
11/20/2009,1091.38
11/23/2009,1106.24
11/24/2009,1105.65
11/25/2009,1110.63
11/27/2009,1091.49
11/30/2009,1095.63
12/1/2009,1108.86
12/2/2009,1109.24
12/3/2009,1099.92
12/4/2009,1105.98
12/7/2009,1103.25
12/8/2009,1091.94
12/9/2009,1095.95
12/10/2009,1102.35
12/11/2009,1106.41
12/14/2009,1114.11
12/15/2009,1107.93
12/16/2009,1109.18
12/17/2009,1096.08
12/18/2009,1102.47
12/21/2009,1114.05
12/22/2009,1118.02
12/23/2009,1120.59
12/24/2009,1126.48
12/28/2009,1127.78
12/29/2009,1126.2
12/30/2009,1126.42
12/31/2009,1115.1
1/4/2010,1132.99
1/5/2010,1136.52
1/6/2010,1137.14
1/7/2010,1141.69
1/8/2010,1144.98
1/11/2010,1146.98
1/12/2010,1136.22
1/13/2010,1145.68
1/14/2010,1148.46
1/15/2010,1136.03
1/19/2010,1150.23
1/20/2010,1138.04
1/21/2010,1116.48
1/22/2010,1091.76
1/25/2010,1096.78
1/26/2010,1092.17
1/27/2010,1097.5
1/28/2010,1084.53
1/29/2010,1073.87
2/1/2010,1089.19
2/2/2010,1103.32
2/3/2010,1097.28
2/4/2010,1063.11
2/5/2010,1066.19
2/8/2010,1056.74
2/9/2010,1070.52
2/10/2010,1068.13
2/11/2010,1078.47
2/12/2010,1075.51
2/16/2010,1094.87
2/17/2010,1099.51
2/18/2010,1106.75
2/19/2010,1109.17
2/22/2010,1108.01
2/23/2010,1094.6
2/24/2010,1105.24
2/25/2010,1102.94
2/26/2010,1104.49
3/1/2010,1115.71
3/2/2010,1118.31
3/3/2010,1118.79
3/4/2010,1122.97
3/5/2010,1138.7
3/8/2010,1138.5
3/9/2010,1140.45
3/10/2010,1145.61
3/11/2010,1150.24
3/12/2010,1149.99
3/15/2010,1150.51
3/16/2010,1159.46
3/17/2010,1166.21
3/18/2010,1165.83
3/19/2010,1159.9
3/22/2010,1165.81
3/23/2010,1174.17
3/24/2010,1167.72
3/25/2010,1165.73
3/26/2010,1166.59
3/29/2010,1173.22
3/30/2010,1173.27
3/31/2010,1169.43
4/1/2010,1178.1
4/5/2010,1187.44
4/6/2010,1189.44
4/7/2010,1182.45
4/8/2010,1186.44
4/9/2010,1194.37
4/12/2010,1196.48
4/13/2010,1197.3
4/14/2010,1210.65
4/15/2010,1211.67
4/16/2010,1192.13
4/19/2010,1197.52
4/20/2010,1207.17
4/21/2010,1205.94
4/22/2010,1208.67
4/23/2010,1217.28
4/26/2010,1212.05
4/27/2010,1183.71
4/28/2010,1191.36
4/29/2010,1206.78
4/30/2010,1186.69
5/3/2010,1202.26
5/4/2010,1173.6
5/5/2010,1165.9
5/6/2010,1128.15
5/7/2010,1110.88
5/10/2010,1159.73
5/11/2010,1155.79
5/12/2010,1171.67
5/13/2010,1157.44
5/14/2010,1135.68
5/17/2010,1136.94
5/18/2010,1120.8
5/19/2010,1115.05
5/20/2010,1071.59
5/21/2010,1087.69
5/24/2010,1073.65
5/25/2010,1074.03
5/26/2010,1067.95
5/27/2010,1103.06
5/28/2010,1089.41
6/1/2010,1070.71
6/2/2010,1098.38
6/3/2010,1102.83
6/4/2010,1064.88
6/7/2010,1050.47
6/8/2010,1062
6/9/2010,1055.69
6/10/2010,1086.84
6/11/2010,1091.6
6/14/2010,1089.63
6/15/2010,1115.23
6/16/2010,1114.61
6/17/2010,1116.04
6/18/2010,1117.51
6/21/2010,1113.2
6/22/2010,1095.31
6/23/2010,1092.04
6/24/2010,1073.69
6/25/2010,1076.76
6/28/2010,1074.57
6/29/2010,1041.24
6/30/2010,1030.71
7/1/2010,1027.37
7/2/2010,1022.58
7/6/2010,1028.06
7/7/2010,1060.27
7/8/2010,1070.25
7/9/2010,1077.96
7/12/2010,1078.75
7/13/2010,1095.34
7/14/2010,1095.17
7/15/2010,1096.48
7/16/2010,1064.88
7/19/2010,1071.25
7/20/2010,1083.48
7/21/2010,1069.59
7/22/2010,1093.67
7/23/2010,1102.66
7/26/2010,1115.01
7/27/2010,1113.84
7/28/2010,1106.13
7/29/2010,1101.53
7/30/2010,1101.6
8/2/2010,1125.86
8/3/2010,1120.46
8/4/2010,1127.24
8/5/2010,1125.81
8/6/2010,1121.64
8/9/2010,1127.79
8/10/2010,1121.06
8/11/2010,1089.47
8/12/2010,1083.61
8/13/2010,1079.25
8/16/2010,1079.38
8/17/2010,1092.54
8/18/2010,1094.16
8/19/2010,1075.63
8/20/2010,1071.69
8/23/2010,1067.36
8/24/2010,1051.87
8/25/2010,1055.33
8/26/2010,1047.22
8/27/2010,1064.59
8/30/2010,1048.92
8/31/2010,1049.33
9/1/2010,1080.29
9/2/2010,1090.1
9/3/2010,1104.51
9/7/2010,1091.84
9/8/2010,1098.87
9/9/2010,1104.18
9/10/2010,1109.55
9/13/2010,1121.9
9/14/2010,1121.1
9/15/2010,1125.07
9/16/2010,1124.66
9/17/2010,1125.59
9/20/2010,1142.71
9/21/2010,1139.78
9/22/2010,1134.28
9/23/2010,1124.83
9/24/2010,1148.67
9/27/2010,1142.16
9/28/2010,1147.7
9/29/2010,1144.73
9/30/2010,1141.2
10/1/2010,1146.24
10/4/2010,1137.03
10/5/2010,1160.75
10/6/2010,1159.97
10/7/2010,1158.06
10/8/2010,1165.15
10/11/2010,1165.32
10/12/2010,1169.77
10/13/2010,1178.1
10/14/2010,1173.81
10/15/2010,1176.19
10/18/2010,1184.71
10/19/2010,1165.9
10/20/2010,1178.17
10/21/2010,1180.26
10/22/2010,1183.08
10/25/2010,1185.62
10/26/2010,1185.64
10/27/2010,1182.45
10/28/2010,1183.78
10/29/2010,1183.26
11/1/2010,1184.38
11/2/2010,1193.57
11/3/2010,1197.96
11/4/2010,1221.06
11/5/2010,1225.85
11/8/2010,1223.25
11/9/2010,1213.4
11/10/2010,1218.71
11/11/2010,1213.54
11/12/2010,1199.21
11/15/2010,1197.75
11/16/2010,1178.34
11/17/2010,1178.59
11/18/2010,1196.69
11/19/2010,1199.73
11/22/2010,1197.84
11/23/2010,1180.73
11/24/2010,1198.35
11/26/2010,1189.4
11/29/2010,1187.76
11/30/2010,1180.55
12/1/2010,1206.07
12/2/2010,1221.53
12/3/2010,1224.71
12/6/2010,1223.12
12/7/2010,1223.75
12/8/2010,1228.28
12/9/2010,1233
12/10/2010,1240.4
12/13/2010,1240.46
12/14/2010,1241.59
12/15/2010,1235.23
12/16/2010,1242.87
12/17/2010,1243.91
12/20/2010,1247.08
12/21/2010,1254.6
12/22/2010,1258.84
12/23/2010,1256.77
12/27/2010,1257.54
12/28/2010,1258.51
12/29/2010,1259.78
12/30/2010,1257.88
12/31/2010,1257.64
1/3/2011,1271.87
1/4/2011,1270.2
1/5/2011,1276.56
1/6/2011,1273.85
1/7/2011,1271.5
1/10/2011,1269.75
1/11/2011,1274.48
1/12/2011,1285.96
1/13/2011,1283.76
1/14/2011,1293.24
1/18/2011,1295.02
1/19/2011,1281.92
1/20/2011,1280.26
1/21/2011,1283.35
1/24/2011,1290.84
1/25/2011,1291.18
1/26/2011,1296.63
1/27/2011,1299.54
1/28/2011,1276.34
1/31/2011,1286.12
2/1/2011,1307.59
2/2/2011,1304.03
2/3/2011,1307.1
2/4/2011,1310.87
2/7/2011,1319.05
2/8/2011,1324.57
2/9/2011,1320.88
2/10/2011,1321.87
2/11/2011,1329.15
2/14/2011,1332.32
2/15/2011,1328.01
2/16/2011,1336.32
2/17/2011,1340.43
2/18/2011,1343.01
2/22/2011,1315.44
2/23/2011,1307.4
2/24/2011,1306.1
2/25/2011,1319.88
2/28/2011,1327.22
3/1/2011,1306.33
3/2/2011,1308.44
3/3/2011,1330.97
3/4/2011,1321.15
3/7/2011,1310.13
3/8/2011,1321.82
3/9/2011,1320.02
3/10/2011,1295.11
3/11/2011,1304.28
3/14/2011,1296.39
3/15/2011,1281.87
3/16/2011,1256.88
3/17/2011,1273.72
3/18/2011,1279.2
3/21/2011,1298.38
3/22/2011,1293.77
3/23/2011,1297.54
3/24/2011,1309.66
3/25/2011,1313.8
3/28/2011,1310.19
3/29/2011,1319.44
3/30/2011,1328.26
3/31/2011,1325.83
4/1/2011,1332.41
4/4/2011,1332.87
4/5/2011,1332.63
4/6/2011,1335.54
4/7/2011,1333.51
4/8/2011,1328.17
4/11/2011,1324.46
4/12/2011,1314.16
4/13/2011,1314.41
4/14/2011,1314.52
4/15/2011,1319.68
4/18/2011,1305.14
4/19/2011,1312.62
4/20/2011,1330.36
4/21/2011,1337.38
4/25/2011,1335.25
4/26/2011,1347.24
4/27/2011,1355.66
4/28/2011,1360.48
4/29/2011,1363.61
5/2/2011,1361.22
5/3/2011,1356.62
5/4/2011,1347.32
5/5/2011,1335.1
5/6/2011,1340.2
5/9/2011,1346.29
5/10/2011,1357.16
5/11/2011,1342.08
5/12/2011,1348.65
5/13/2011,1337.77
5/16/2011,1329.47
5/17/2011,1328.98
5/18/2011,1340.68
5/19/2011,1343.6
5/20/2011,1333.27
5/23/2011,1317.37
5/24/2011,1316.28
5/25/2011,1320.47
5/26/2011,1325.69
5/27/2011,1331.1
5/31/2011,1345.2
6/1/2011,1314.55
6/2/2011,1312.94
6/3/2011,1300.16
6/6/2011,1286.17
6/7/2011,1284.94
6/8/2011,1279.56
6/9/2011,1289
6/10/2011,1270.98
6/13/2011,1271.83
6/14/2011,1287.87
6/15/2011,1265.42
6/16/2011,1267.64
6/17/2011,1271.5
6/20/2011,1278.36
6/21/2011,1295.52
6/22/2011,1287.14
6/23/2011,1283.5
6/24/2011,1268.45
6/27/2011,1280.1
6/28/2011,1296.67
6/29/2011,1307.41
6/30/2011,1320.64
7/1/2011,1339.67
7/5/2011,1337.88
7/6/2011,1339.22
7/7/2011,1353.22
7/8/2011,1343.8
7/11/2011,1319.49
7/12/2011,1313.64
7/13/2011,1317.72
7/14/2011,1308.87
7/15/2011,1316.14
7/18/2011,1305.44
7/19/2011,1326.73
7/20/2011,1325.84
7/21/2011,1343.8
7/22/2011,1345.02
7/25/2011,1337.43
7/26/2011,1331.94
7/27/2011,1304.89
7/28/2011,1300.67
7/29/2011,1292.28
8/1/2011,1286.94
8/2/2011,1254.05
8/3/2011,1260.34
8/4/2011,1200.07
8/5/2011,1199.38
8/8/2011,1119.46
8/9/2011,1172.53
8/10/2011,1120.76
8/11/2011,1172.64
8/12/2011,1178.81
8/15/2011,1204.49
8/16/2011,1192.76
8/17/2011,1193.89
8/18/2011,1140.65
8/19/2011,1123.53
8/22/2011,1123.82
8/23/2011,1162.35
8/24/2011,1177.6
8/25/2011,1159.27
8/26/2011,1176.8
8/29/2011,1210.08
8/30/2011,1212.92
8/31/2011,1218.89
9/1/2011,1204.42
9/2/2011,1173.97
9/6/2011,1165.24
9/7/2011,1198.62
9/8/2011,1185.9
9/9/2011,1154.23
9/12/2011,1162.27
9/13/2011,1172.87
9/14/2011,1188.68
9/15/2011,1209.11
9/16/2011,1216.01
9/19/2011,1204.09
9/20/2011,1202.09
9/21/2011,1166.76
9/22/2011,1129.56
9/23/2011,1136.43
9/26/2011,1162.95
9/27/2011,1175.38
9/28/2011,1151.06
9/29/2011,1160.4
9/30/2011,1131.42
10/3/2011,1099.23
10/4/2011,1123.95
10/5/2011,1144.03
10/6/2011,1164.97
10/7/2011,1155.46
10/10/2011,1194.89
10/11/2011,1195.54
10/12/2011,1207.25
10/13/2011,1203.66
10/14/2011,1224.58
10/17/2011,1200.86
10/18/2011,1225.38
10/19/2011,1209.88
10/20/2011,1215.39
10/21/2011,1238.25
10/24/2011,1254.19
10/25/2011,1229.05
10/26/2011,1242
10/27/2011,1284.59
10/28/2011,1285.09
10/31/2011,1253.3
11/1/2011,1218.28
11/2/2011,1237.9
11/3/2011,1261.15
11/4/2011,1253.23
11/7/2011,1261.12
11/8/2011,1275.92
11/9/2011,1229.1
11/10/2011,1239.69
11/11/2011,1263.85
11/14/2011,1251.78
11/15/2011,1257.81
11/16/2011,1236.91
11/17/2011,1216.13
11/18/2011,1215.65
11/21/2011,1192.98
11/22/2011,1188.04
11/23/2011,1161.79
11/25/2011,1158.67
11/28/2011,1192.55
11/29/2011,1195.19
11/30/2011,1246.96
12/1/2011,1244.58
12/2/2011,1244.28
12/5/2011,1257.08
12/6/2011,1258.47
12/7/2011,1261.01
12/8/2011,1234.35
12/9/2011,1255.19
12/12/2011,1236.47
12/13/2011,1225.73
12/14/2011,1211.82
12/15/2011,1215.75
12/16/2011,1219.66
12/19/2011,1205.35
12/20/2011,1241.3
12/21/2011,1243.72
12/22/2011,1254
12/23/2011,1265.33
12/27/2011,1265.43
12/28/2011,1249.64
12/29/2011,1263.02
12/30/2011,1257.6
1/3/2012,1277.06
1/4/2012,1277.3
1/5/2012,1281.06
1/6/2012,1277.81
1/9/2012,1280.7
1/10/2012,1292.08
1/11/2012,1292.48
1/12/2012,1295.5
1/13/2012,1289.09
1/17/2012,1293.67
1/18/2012,1308.04
1/19/2012,1314.5
1/20/2012,1315.38
1/23/2012,1316
1/24/2012,1314.65
1/25/2012,1326.05
1/26/2012,1318.43
1/27/2012,1316.33
1/30/2012,1313.01
1/31/2012,1312.41
2/1/2012,1324.09
2/2/2012,1325.54
2/3/2012,1344.9
2/6/2012,1344.33
2/7/2012,1347.05
2/8/2012,1349.96
2/9/2012,1351.95
2/10/2012,1342.64
2/13/2012,1351.77
2/14/2012,1350.5
2/15/2012,1343.23
2/16/2012,1358.04
2/17/2012,1361.23
2/21/2012,1362.21
2/22/2012,1357.66
2/23/2012,1363.46
2/24/2012,1365.74
2/27/2012,1367.59
2/28/2012,1372.18
2/29/2012,1365.68
3/1/2012,1374.09
3/2/2012,1369.63
3/5/2012,1364.33
3/6/2012,1343.36
3/7/2012,1352.63
3/8/2012,1365.91
3/9/2012,1370.87
3/12/2012,1371.09
3/13/2012,1395.95
3/14/2012,1394.28
3/15/2012,1402.6
3/16/2012,1404.17
3/19/2012,1409.75
3/20/2012,1405.52
3/21/2012,1402.89
3/22/2012,1392.78
3/23/2012,1397.11
3/26/2012,1416.51
3/27/2012,1412.52
3/28/2012,1405.54
3/29/2012,1403.28
3/30/2012,1408.47
4/2/2012,1419.04
4/3/2012,1413.38
4/4/2012,1398.96
4/5/2012,1398.08
4/9/2012,1382.2
4/10/2012,1358.59
4/11/2012,1368.71
4/12/2012,1387.57
4/13/2012,1370.26
4/16/2012,1369.57
4/17/2012,1390.78
4/18/2012,1385.14
4/19/2012,1376.92
4/20/2012,1378.53
4/23/2012,1366.94
4/24/2012,1371.97
4/25/2012,1390.69
4/26/2012,1399.98
4/27/2012,1403.36
4/30/2012,1397.91
5/1/2012,1405.82
5/2/2012,1402.31
5/3/2012,1391.57
5/4/2012,1369.1
5/7/2012,1369.58
5/8/2012,1363.72
5/9/2012,1354.58
5/10/2012,1357.99
5/11/2012,1353.39
5/14/2012,1338.35
5/15/2012,1330.66
5/16/2012,1324.8
5/17/2012,1304.86
5/18/2012,1295.22
5/21/2012,1315.99
5/22/2012,1316.63
5/23/2012,1318.86
5/24/2012,1320.68
5/25/2012,1317.82
5/29/2012,1332.42
5/30/2012,1313.32
5/31/2012,1310.33
6/1/2012,1278.04
6/4/2012,1278.18
6/5/2012,1285.5
6/6/2012,1315.13
6/7/2012,1314.99
6/8/2012,1325.66
6/11/2012,1308.93
6/12/2012,1324.18
6/13/2012,1314.88
6/14/2012,1329.1
6/15/2012,1342.84
6/18/2012,1344.78
6/19/2012,1357.98
6/20/2012,1355.69
6/21/2012,1325.51
6/22/2012,1335.02
6/25/2012,1313.72
6/26/2012,1319.99
6/27/2012,1331.85
6/28/2012,1329.04
6/29/2012,1362.16
7/2/2012,1365.51
7/3/2012,1374.02
7/5/2012,1367.58
7/6/2012,1354.68
7/9/2012,1352.46
7/10/2012,1341.47
7/11/2012,1341.45
7/12/2012,1334.76
7/13/2012,1356.78
7/16/2012,1353.64
7/17/2012,1363.67
7/18/2012,1372.78
7/19/2012,1376.51
7/20/2012,1362.66
7/23/2012,1350.52
7/24/2012,1338.31
7/25/2012,1337.89
7/26/2012,1360.02
7/27/2012,1385.97
7/30/2012,1385.3
7/31/2012,1379.32
8/1/2012,1375.14
8/2/2012,1365
8/3/2012,1390.99
8/6/2012,1394.23
8/7/2012,1401.35
8/8/2012,1402.22
8/9/2012,1402.8
8/10/2012,1405.87
8/13/2012,1404.11
8/14/2012,1403.93
8/15/2012,1405.53
8/16/2012,1415.51
8/17/2012,1418.16
8/20/2012,1418.13
8/21/2012,1413.17
8/22/2012,1413.49
8/23/2012,1402.08
8/24/2012,1411.13
8/27/2012,1410.44
8/28/2012,1409.3
8/29/2012,1410.49
8/30/2012,1399.48
8/31/2012,1406.58
9/4/2012,1404.94
9/5/2012,1403.44
9/6/2012,1432.12
9/7/2012,1437.92
9/10/2012,1429.08
9/11/2012,1433.56
9/12/2012,1436.56
9/13/2012,1459.99
9/14/2012,1465.77
9/17/2012,1461.19
9/18/2012,1459.32
9/19/2012,1461.05
9/20/2012,1460.26
9/21/2012,1460.15
9/24/2012,1456.89
9/25/2012,1441.59
9/26/2012,1433.32
9/27/2012,1447.15
9/28/2012,1440.67
10/1/2012,1444.49
10/2/2012,1445.75
10/3/2012,1450.99
10/4/2012,1461.4
10/5/2012,1460.93
10/8/2012,1455.88
10/9/2012,1441.48
10/10/2012,1432.56
10/11/2012,1432.84
10/12/2012,1428.59
10/15/2012,1440.13
10/16/2012,1454.92
10/17/2012,1460.91
10/18/2012,1457.34
10/19/2012,1433.19
10/22/2012,1433.82
10/23/2012,1413.11
10/24/2012,1408.75
10/25/2012,1412.97
10/26/2012,1411.94
10/31/2012,1412.16
11/1/2012,1427.59
11/2/2012,1414.2
11/5/2012,1417.26
11/6/2012,1428.39
11/7/2012,1394.53
11/8/2012,1377.51
11/9/2012,1379.85
11/12/2012,1380.03
11/13/2012,1374.53
11/14/2012,1355.49
11/15/2012,1353.33
11/16/2012,1359.88
11/19/2012,1386.89
11/20/2012,1387.81
11/21/2012,1391.03
11/23/2012,1409.15
11/26/2012,1406.29
11/27/2012,1398.94
11/28/2012,1409.93
11/29/2012,1415.95
11/30/2012,1416.18
12/3/2012,1409.46
12/4/2012,1407.05
12/5/2012,1409.28
12/6/2012,1413.94
12/7/2012,1418.07
12/10/2012,1418.55
12/11/2012,1427.84
12/12/2012,1428.48
12/13/2012,1419.45
12/14/2012,1413.58
12/17/2012,1430.36
12/18/2012,1446.79
12/19/2012,1435.81
12/20/2012,1443.69
12/21/2012,1430.15
12/24/2012,1426.66
12/26/2012,1419.83
12/27/2012,1418.1
12/28/2012,1402.43
12/31/2012,1426.19
1/2/2013,1462.42
1/3/2013,1459.37
1/4/2013,1466.47
1/7/2013,1461.89
1/8/2013,1457.15
1/9/2013,1461.02
1/10/2013,1472.12
1/11/2013,1472.05
1/14/2013,1470.68
1/15/2013,1472.34
1/16/2013,1472.63
1/17/2013,1480.94
1/18/2013,1485.98
1/22/2013,1492.56
1/23/2013,1494.81
1/24/2013,1494.82
1/25/2013,1502.96
1/28/2013,1500.18
1/29/2013,1507.84
1/30/2013,1501.96
1/31/2013,1498.11
2/1/2013,1513.17
2/4/2013,1495.71
2/5/2013,1511.29
2/6/2013,1512.12
2/7/2013,1509.39
2/8/2013,1517.93
2/11/2013,1517.01
2/12/2013,1519.43
2/13/2013,1520.33
2/14/2013,1521.38
2/15/2013,1519.79
2/19/2013,1530.94
2/20/2013,1511.95
2/21/2013,1502.42
2/22/2013,1515.6
2/25/2013,1487.85
2/26/2013,1496.94
2/27/2013,1515.99
2/28/2013,1514.68
3/1/2013,1518.2
3/4/2013,1525.2
3/5/2013,1539.79
3/6/2013,1541.46
3/7/2013,1544.26
3/8/2013,1551.18
3/11/2013,1556.22
3/12/2013,1552.48
3/13/2013,1554.52
3/14/2013,1563.23
3/15/2013,1560.7
3/18/2013,1552.1
3/19/2013,1548.34
3/20/2013,1558.71
3/21/2013,1545.8
3/22/2013,1556.89
3/25/2013,1551.69
3/26/2013,1563.77
3/27/2013,1562.85
3/28/2013,1569.19
4/1/2013,1562.17
4/2/2013,1570.25
4/3/2013,1553.69
4/4/2013,1559.98
4/5/2013,1553.28
4/8/2013,1563.07
4/9/2013,1568.61
4/10/2013,1587.73
4/11/2013,1593.37
4/12/2013,1588.85
4/15/2013,1552.36
4/16/2013,1574.57
4/17/2013,1552.01
4/18/2013,1541.61
4/19/2013,1555.25
4/22/2013,1562.5
4/23/2013,1578.78
4/24/2013,1578.79
4/25/2013,1585.16
4/26/2013,1582.24
4/29/2013,1593.61
4/30/2013,1597.57
5/1/2013,1582.7
5/2/2013,1597.59
5/3/2013,1614.42
5/6/2013,1617.5
5/7/2013,1625.96
5/8/2013,1632.69
5/9/2013,1626.67
5/10/2013,1633.7
5/13/2013,1633.77
5/14/2013,1650.34
5/15/2013,1658.78
5/16/2013,1650.47
5/17/2013,1667.47
5/20/2013,1666.29
5/21/2013,1669.16
5/22/2013,1655.35
5/23/2013,1650.51
5/24/2013,1649.6
5/28/2013,1660.06
5/29/2013,1648.36
5/30/2013,1654.41
5/31/2013,1630.74
6/3/2013,1640.42
6/4/2013,1631.38
6/5/2013,1608.9
6/6/2013,1622.56
6/7/2013,1643.38
6/10/2013,1642.81
6/11/2013,1626.13
6/12/2013,1612.52
6/13/2013,1636.36
6/14/2013,1626.73
6/17/2013,1639.04
6/18/2013,1651.81
6/19/2013,1628.93
6/20/2013,1588.19
6/21/2013,1592.43
6/24/2013,1573.09
6/25/2013,1588.03
6/26/2013,1603.26
6/27/2013,1613.2
6/28/2013,1606.28
7/1/2013,1614.96
7/2/2013,1614.08
7/3/2013,1615.41
7/5/2013,1631.89
7/8/2013,1640.46
7/9/2013,1652.32
7/10/2013,1652.62
7/11/2013,1675.02
7/12/2013,1680.19
7/15/2013,1682.5
7/16/2013,1676.26
7/17/2013,1680.91
7/18/2013,1689.37
7/19/2013,1692.09
7/22/2013,1695.53
7/23/2013,1692.39
7/24/2013,1685.94
7/25/2013,1690.25
7/26/2013,1691.65
7/29/2013,1685.33
7/30/2013,1685.96
7/31/2013,1685.73
8/1/2013,1706.87
8/2/2013,1709.67
8/5/2013,1707.14
8/6/2013,1697.37
8/7/2013,1690.91
8/8/2013,1697.48
8/9/2013,1691.42
8/12/2013,1689.47
8/13/2013,1694.16
8/14/2013,1685.39
8/15/2013,1661.32
8/16/2013,1655.83
8/19/2013,1646.06
8/20/2013,1652.35
8/21/2013,1642.8
8/22/2013,1656.96
8/23/2013,1663.5
8/26/2013,1656.78
8/27/2013,1630.48
8/28/2013,1634.96
8/29/2013,1638.17
8/30/2013,1632.97
9/3/2013,1639.77
9/4/2013,1653.08
9/5/2013,1655.08
9/6/2013,1655.17
9/9/2013,1671.71
9/10/2013,1683.99
9/11/2013,1689.13
9/12/2013,1683.42
9/13/2013,1687.99
9/16/2013,1697.6
9/17/2013,1704.76
9/18/2013,1725.52
9/19/2013,1722.34
9/20/2013,1709.91
9/23/2013,1701.84
9/24/2013,1697.42
9/25/2013,1692.77
9/26/2013,1698.67
9/27/2013,1691.75
9/30/2013,1681.55
10/1/2013,1695
10/2/2013,1693.87
10/3/2013,1678.66
10/4/2013,1690.5
10/7/2013,1676.12
10/8/2013,1655.45
10/9/2013,1656.4
10/10/2013,1692.56
10/11/2013,1703.2
10/14/2013,1710.14
10/15/2013,1698.06
10/16/2013,1721.54
10/17/2013,1733.15
10/18/2013,1744.5
10/21/2013,1744.66
10/22/2013,1754.67
10/23/2013,1746.38
10/24/2013,1752.07
10/25/2013,1759.77
10/28/2013,1762.11
10/29/2013,1771.95
10/30/2013,1763.31
10/31/2013,1756.54
11/1/2013,1761.64
11/4/2013,1767.93
11/5/2013,1762.97
11/6/2013,1770.49
11/7/2013,1747.15
11/8/2013,1770.61
11/11/2013,1771.89
11/12/2013,1767.69
11/13/2013,1782
11/14/2013,1790.62
11/15/2013,1798.18
11/18/2013,1791.53
11/19/2013,1787.87
11/20/2013,1781.37
11/21/2013,1795.85
11/22/2013,1804.76
11/25/2013,1802.48
11/26/2013,1802.75
11/27/2013,1807.23
11/29/2013,1805.81
12/2/2013,1800.9
12/3/2013,1795.15
12/4/2013,1792.81
12/5/2013,1785.03
12/6/2013,1805.09
12/9/2013,1808.37
12/10/2013,1802.62
12/11/2013,1782.22
12/12/2013,1775.5
12/13/2013,1775.32
12/16/2013,1786.54
12/17/2013,1781
12/18/2013,1810.65
12/19/2013,1809.6
12/20/2013,1818.32
12/23/2013,1827.99
12/24/2013,1833.32
12/26/2013,1842.02
12/27/2013,1841.4
12/30/2013,1841.07
12/31/2013,1848.36
1/2/2014,1831.98
1/3/2014,1831.37
1/6/2014,1826.77
1/7/2014,1837.88
1/8/2014,1837.49
1/9/2014,1838.13
1/10/2014,1842.37
1/13/2014,1819.2
1/14/2014,1838.88
1/15/2014,1848.38
1/16/2014,1845.89
1/17/2014,1838.7
1/21/2014,1843.8
1/22/2014,1844.86
1/23/2014,1828.46
1/24/2014,1790.29
1/27/2014,1781.56
1/28/2014,1792.5
1/29/2014,1774.2
1/30/2014,1794.19
1/31/2014,1782.59
2/3/2014,1741.89
2/4/2014,1755.2
2/5/2014,1751.64
2/6/2014,1773.43
2/7/2014,1797.02
2/10/2014,1799.84
2/11/2014,1819.75
2/12/2014,1819.26
2/13/2014,1829.83
2/14/2014,1838.63
2/18/2014,1840.76
2/19/2014,1828.75
2/20/2014,1839.78
2/21/2014,1836.25
2/24/2014,1847.61
2/25/2014,1845.12
2/26/2014,1845.16
2/27/2014,1854.29
2/28/2014,1859.45
3/3/2014,1845.73
3/4/2014,1873.91
3/5/2014,1873.81
3/6/2014,1877.03
3/7/2014,1878.04
3/10/2014,1877.17
3/11/2014,1867.63
3/12/2014,1868.2
3/13/2014,1846.34
3/14/2014,1841.13
3/17/2014,1858.83
3/18/2014,1872.25
3/19/2014,1860.77
3/20/2014,1872.01
3/21/2014,1866.52
3/24/2014,1857.44
3/25/2014,1865.62
3/26/2014,1852.56
3/27/2014,1849.04
3/28/2014,1857.62
3/31/2014,1872.34
4/1/2014,1885.52
4/2/2014,1890.9
4/3/2014,1888.77
4/4/2014,1865.09
4/7/2014,1845.04
4/8/2014,1851.96
4/9/2014,1872.18
4/10/2014,1833.08
4/11/2014,1815.69
4/14/2014,1830.61
4/15/2014,1842.98
4/16/2014,1862.31
4/17/2014,1864.85
4/21/2014,1871.89
4/22/2014,1879.55
4/23/2014,1875.39
4/24/2014,1878.61
4/25/2014,1863.4
4/28/2014,1869.43
4/29/2014,1878.33
4/30/2014,1883.95
5/1/2014,1883.68
5/2/2014,1881.14
5/5/2014,1884.66
5/6/2014,1867.72
5/7/2014,1878.21
5/8/2014,1875.63
5/9/2014,1878.48
5/12/2014,1896.65
5/13/2014,1897.45
5/14/2014,1888.53
5/15/2014,1870.85
5/16/2014,1877.86
5/19/2014,1885.08
5/20/2014,1872.83
5/21/2014,1888.03
5/22/2014,1892.49
5/23/2014,1900.53
5/27/2014,1911.91
5/28/2014,1909.78
5/29/2014,1920.03
5/30/2014,1923.57
6/2/2014,1924.97
6/3/2014,1924.24
6/4/2014,1927.88
6/5/2014,1940.46
6/6/2014,1949.44
6/9/2014,1951.27
6/10/2014,1950.79
6/11/2014,1943.89
6/12/2014,1930.11
6/13/2014,1936.16
6/16/2014,1937.78
6/17/2014,1941.99
6/18/2014,1956.98
6/19/2014,1959.48
6/20/2014,1962.87
6/23/2014,1962.61
6/24/2014,1949.98
6/25/2014,1959.53
6/26/2014,1957.22
6/27/2014,1960.96
6/30/2014,1960.23
7/1/2014,1973.32
7/2/2014,1974.62
7/3/2014,1985.44
7/7/2014,1977.65
7/8/2014,1963.71
7/9/2014,1972.83
7/10/2014,1964.68
7/11/2014,1967.57
7/14/2014,1977.1
7/15/2014,1973.28
7/16/2014,1981.57
7/17/2014,1958.12
7/18/2014,1978.22
7/21/2014,1973.63
7/22/2014,1983.53
7/23/2014,1987.01
7/24/2014,1987.98
7/25/2014,1978.34
7/28/2014,1978.91
7/29/2014,1969.95
7/30/2014,1970.07
7/31/2014,1930.67
8/1/2014,1925.15
8/4/2014,1938.99
8/5/2014,1920.21
8/6/2014,1920.24
8/7/2014,1909.57
8/8/2014,1931.59
8/11/2014,1936.92
8/12/2014,1933.75
8/13/2014,1946.72
8/14/2014,1955.18
8/15/2014,1955.06
8/18/2014,1971.74
8/19/2014,1981.6
8/20/2014,1986.51
8/21/2014,1992.37
8/22/2014,1988.4
8/25/2014,1997.92
8/26/2014,2000.02
8/27/2014,2000.12
8/28/2014,1996.74
8/29/2014,2003.37
9/2/2014,2002.28
9/3/2014,2000.72
9/4/2014,1997.65
9/5/2014,2007.71
9/8/2014,2001.54
9/9/2014,1988.44
9/10/2014,1995.69
9/11/2014,1997.45
9/12/2014,1985.54
9/15/2014,1984.13
9/16/2014,1998.98
9/17/2014,2001.57
9/18/2014,2011.36
9/19/2014,2010.4
9/22/2014,1994.29
9/23/2014,1982.77
9/24/2014,1998.3
9/25/2014,1965.99
9/26/2014,1982.85
9/29/2014,1977.8
9/30/2014,1972.29
10/1/2014,1946.16
10/2/2014,1946.17
10/3/2014,1967.9
10/6/2014,1964.82
10/7/2014,1935.1
10/8/2014,1968.89
10/9/2014,1928.21
10/10/2014,1906.13
10/13/2014,1874.74
10/14/2014,1877.7
10/15/2014,1862.49
10/16/2014,1862.76
10/17/2014,1886.76
10/20/2014,1904.01
10/21/2014,1941.28
10/22/2014,1927.11
10/23/2014,1950.82
10/24/2014,1964.58
10/27/2014,1961.63
10/28/2014,1985.05
10/29/2014,1982.3
10/30/2014,1994.65
10/31/2014,2018.05
11/3/2014,2017.81
11/4/2014,2012.1
11/5/2014,2023.57
11/6/2014,2031.21
11/7/2014,2031.92
11/10/2014,2038.26
11/11/2014,2039.68
11/12/2014,2038.25
11/13/2014,2039.33
11/14/2014,2039.82
11/17/2014,2041.32
11/18/2014,2051.8
11/19/2014,2048.72
11/20/2014,2052.75
11/21/2014,2063.5
11/24/2014,2069.41
11/25/2014,2067.03
11/26/2014,2072.83
11/28/2014,2067.56
12/1/2014,2053.44
12/2/2014,2066.55
12/3/2014,2074.33
12/4/2014,2071.92
12/5/2014,2075.37
12/8/2014,2060.31
12/9/2014,2059.82
12/10/2014,2026.14
12/11/2014,2035.33
12/12/2014,2002.33
12/15/2014,1989.63
12/16/2014,1972.74
12/17/2014,2012.89
12/18/2014,2061.23
12/19/2014,2070.65
12/22/2014,2078.54
12/23/2014,2082.17
12/24/2014,2081.88
12/26/2014,2088.77
12/29/2014,2090.57
12/30/2014,2080.35
12/31/2014,2058.9
1/2/2015,2058.2
1/5/2015,2020.58
1/6/2015,2002.61
1/7/2015,2025.9
1/8/2015,2062.14
1/9/2015,2044.81
1/12/2015,2028.26
1/13/2015,2023.03
1/14/2015,2011.27
1/15/2015,1992.67
1/16/2015,2019.42
1/20/2015,2022.55
1/21/2015,2032.12
1/22/2015,2063.15
1/23/2015,2051.82
1/26/2015,2057.09
1/27/2015,2029.55
1/28/2015,2002.16
1/29/2015,2021.25
1/30/2015,1994.99
2/2/2015,2020.85
2/3/2015,2050.03
2/4/2015,2041.51
2/5/2015,2062.52
2/6/2015,2055.47
2/9/2015,2046.74
2/10/2015,2068.59
2/11/2015,2068.53
2/12/2015,2088.48
2/13/2015,2096.99
2/17/2015,2100.34
2/18/2015,2099.68
2/19/2015,2097.45
2/20/2015,2110.3
2/23/2015,2109.66
2/24/2015,2115.48
2/25/2015,2113.86
2/26/2015,2110.74
2/27/2015,2104.5
3/2/2015,2117.39
3/3/2015,2107.78
3/4/2015,2098.53
3/5/2015,2101.04
3/6/2015,2071.26
3/9/2015,2079.43
3/10/2015,2044.16
3/11/2015,2040.24
3/12/2015,2065.95
3/13/2015,2053.4
3/16/2015,2081.19
3/17/2015,2074.28
3/18/2015,2099.5
3/19/2015,2089.27
3/20/2015,2108.1
3/23/2015,2104.42
3/24/2015,2091.5
3/25/2015,2061.05
3/26/2015,2056.15
3/27/2015,2061.02
3/30/2015,2086.24
3/31/2015,2067.89
4/1/2015,2059.69
4/2/2015,2066.96
4/6/2015,2080.62
4/7/2015,2076.33
4/8/2015,2081.9
4/9/2015,2091.18
4/10/2015,2102.06
4/13/2015,2092.43
4/14/2015,2095.84
4/15/2015,2106.63
4/16/2015,2104.99
4/17/2015,2081.18
4/20/2015,2100.4
4/21/2015,2097.29
4/22/2015,2107.96
4/23/2015,2112.93
4/24/2015,2117.69
4/27/2015,2108.92
4/28/2015,2114.76
4/29/2015,2106.85
4/30/2015,2085.51
5/1/2015,2108.29
5/4/2015,2114.49
5/5/2015,2089.46
5/6/2015,2080.15
5/7/2015,2088
5/8/2015,2116.1
5/11/2015,2105.33
5/12/2015,2099.12
5/13/2015,2098.48
5/14/2015,2121.1
5/15/2015,2122.73
5/18/2015,2129.2
5/19/2015,2127.83
5/20/2015,2125.85
5/21/2015,2130.82
5/22/2015,2126.06
5/26/2015,2104.2
5/27/2015,2123.48
5/28/2015,2120.79
5/29/2015,2107.39
6/1/2015,2111.73
6/2/2015,2109.6
6/3/2015,2114.07
6/4/2015,2095.84
6/5/2015,2092.83
6/8/2015,2079.28
6/9/2015,2080.15
6/10/2015,2105.2
6/11/2015,2108.86
6/12/2015,2094.11
6/15/2015,2084.43
6/16/2015,2096.29
6/17/2015,2100.44
6/18/2015,2121.24
6/19/2015,2109.99
6/22/2015,2122.85
6/23/2015,2124.2
6/24/2015,2108.58
6/25/2015,2102.31
6/26/2015,2101.49
6/29/2015,2057.64
6/30/2015,2063.11
7/1/2015,2077.42
7/2/2015,2076.78
7/6/2015,2068.76
7/7/2015,2081.34
7/8/2015,2046.68
7/9/2015,2051.31
7/10/2015,2076.62
7/13/2015,2099.6
7/14/2015,2108.95
7/15/2015,2107.4
7/16/2015,2124.29
7/17/2015,2126.64
7/20/2015,2128.28
7/21/2015,2119.21
7/22/2015,2114.15
7/23/2015,2102.15
7/24/2015,2079.65
7/27/2015,2067.64
7/28/2015,2093.25
7/29/2015,2108.57
7/30/2015,2108.63
7/31/2015,2103.84
8/3/2015,2098.04
8/4/2015,2093.32
8/5/2015,2099.84
8/6/2015,2083.56
8/7/2015,2077.57
8/10/2015,2104.18
8/11/2015,2084.07
8/12/2015,2086.05
8/13/2015,2083.39
8/14/2015,2091.54
8/17/2015,2102.44
8/18/2015,2096.92
8/19/2015,2079.61
8/20/2015,2035.73
8/21/2015,1970.89
8/24/2015,1893.21
8/25/2015,1867.61
8/26/2015,1940.51
8/27/2015,1987.66
8/28/2015,1988.87
8/31/2015,1972.18
9/1/2015,1913.85
9/2/2015,1948.86
9/3/2015,1951.13
9/4/2015,1921.22
9/8/2015,1969.41
9/9/2015,1942.04
9/10/2015,1952.29
9/11/2015,1961.05
9/14/2015,1953.03
9/15/2015,1978.09
9/16/2015,1995.31
9/17/2015,1990.2
9/18/2015,1958.03
9/21/2015,1966.97
9/22/2015,1942.74
9/23/2015,1938.76
9/24/2015,1932.24
9/25/2015,1931.34
9/28/2015,1881.77
9/29/2015,1884.09
9/30/2015,1920.03
10/1/2015,1923.82
10/2/2015,1951.36
10/5/2015,1987.05
10/6/2015,1979.92
10/7/2015,1995.83
10/8/2015,2013.43
10/9/2015,2014.89
10/12/2015,2017.46
10/13/2015,2003.69
10/14/2015,1994.24
10/15/2015,2023.86
10/16/2015,2033.11
10/19/2015,2033.66
10/20/2015,2030.77
10/21/2015,2018.94
10/22/2015,2052.51
10/23/2015,2075.15
10/26/2015,2071.18
10/27/2015,2065.89
10/28/2015,2090.35
10/29/2015,2089.41
10/30/2015,2079.36
11/2/2015,2104.05
11/3/2015,2109.79
11/4/2015,2102.31
11/5/2015,2099.93
11/6/2015,2099.2
11/9/2015,2078.58
11/10/2015,2081.72
11/11/2015,2075
11/12/2015,2045.97
11/13/2015,2023.04
11/16/2015,2053.19
11/17/2015,2050.44
11/18/2015,2083.58
11/19/2015,2081.24
11/20/2015,2089.17
11/23/2015,2086.59
11/24/2015,2089.14
11/25/2015,2088.87
11/27/2015,2090.11
11/30/2015,2080.41
12/1/2015,2102.63
12/2/2015,2079.51
12/3/2015,2049.62
12/4/2015,2091.69
12/7/2015,2077.07
12/8/2015,2063.59
12/9/2015,2047.62
12/10/2015,2052.23
12/11/2015,2012.37
12/14/2015,2021.94
12/15/2015,2043.41
12/16/2015,2073.07
12/17/2015,2041.89
12/18/2015,2005.55
12/21/2015,2021.15
12/22/2015,2038.97
12/23/2015,2064.29
12/24/2015,2060.99
12/28/2015,2056.5
12/29/2015,2078.36
12/30/2015,2063.36
12/31/2015,2043.94
1/4/2016,2012.66
1/5/2016,2016.71
1/6/2016,1990.26
1/7/2016,1943.09
1/8/2016,1922.03
1/11/2016,1923.67
1/12/2016,1938.68
1/13/2016,1890.28
1/14/2016,1921.84
1/15/2016,1880.33
1/19/2016,1881.33
1/20/2016,1859.33
1/21/2016,1868.99
1/22/2016,1906.9
1/25/2016,1877.08
1/26/2016,1903.63
1/27/2016,1882.95
1/28/2016,1893.36
1/29/2016,1940.24
2/1/2016,1939.38
2/2/2016,1903.03
2/3/2016,1912.53
2/4/2016,1915.45
2/5/2016,1880.05
2/8/2016,1853.44
2/9/2016,1852.21
2/10/2016,1851.86
2/11/2016,1829.08
2/12/2016,1864.78
2/16/2016,1895.58
2/17/2016,1926.82
2/18/2016,1917.83
2/19/2016,1917.78
2/22/2016,1945.5
2/23/2016,1921.27
2/24/2016,1929.8
2/25/2016,1951.7
2/26/2016,1948.05
2/29/2016,1932.23
3/1/2016,1978.35
3/2/2016,1986.45
3/3/2016,1993.4
3/4/2016,1999.99
3/7/2016,2001.76
3/8/2016,1979.26
3/9/2016,1989.26
3/10/2016,1989.57
3/11/2016,2022.19
3/14/2016,2019.64
3/15/2016,2015.93
3/16/2016,2027.22
3/17/2016,2040.59
3/18/2016,2049.58
3/21/2016,2051.6
3/22/2016,2049.8
3/23/2016,2036.71
3/24/2016,2035.94
3/28/2016,2037.05
3/29/2016,2055.01
3/30/2016,2063.95
3/31/2016,2059.74
4/1/2016,2072.78
4/4/2016,2066.13
4/5/2016,2045.17
4/6/2016,2066.66
4/7/2016,2041.91
4/8/2016,2047.6
4/11/2016,2041.99
4/12/2016,2061.72
4/13/2016,2082.42
4/14/2016,2082.78
4/15/2016,2080.73
4/18/2016,2094.34
4/19/2016,2100.8
4/20/2016,2102.4
4/21/2016,2091.48
4/22/2016,2091.58
4/25/2016,2087.79
4/26/2016,2091.7
4/27/2016,2095.15
4/28/2016,2075.81
4/29/2016,2065.3
5/2/2016,2081.43
5/3/2016,2063.37
5/4/2016,2051.12
5/5/2016,2050.63
5/6/2016,2057.14
5/9/2016,2058.69
5/10/2016,2084.39
5/11/2016,2064.46
5/12/2016,2064.11
5/13/2016,2046.61
5/16/2016,2066.66
5/17/2016,2047.21
5/18/2016,2047.63
5/19/2016,2040.04
5/20/2016,2052.32
5/23/2016,2048.04
5/24/2016,2076.06
5/25/2016,2090.54
5/26/2016,2090.1
5/27/2016,2099.06
5/31/2016,2096.96
6/1/2016,2099.33
6/2/2016,2105.26
6/3/2016,2099.13
6/6/2016,2109.41
6/7/2016,2112.13
6/8/2016,2119.12
6/9/2016,2115.48
6/10/2016,2096.07
6/13/2016,2079.06
6/14/2016,2075.32
6/15/2016,2071.5
6/16/2016,2077.99
6/17/2016,2071.22
6/20/2016,2083.25
6/21/2016,2088.9
6/22/2016,2085.45
6/23/2016,2113.32
6/24/2016,2037.41
6/27/2016,2000.54
6/28/2016,2036.09
6/29/2016,2070.77
6/30/2016,2098.86
7/1/2016,2102.95
7/5/2016,2088.55
7/6/2016,2099.73
7/7/2016,2097.9
7/8/2016,2129.9
7/11/2016,2137.16
7/12/2016,2152.14
7/13/2016,2152.43
7/14/2016,2163.75
7/15/2016,2161.74
7/18/2016,2166.89
7/19/2016,2163.78
7/20/2016,2173.02
7/21/2016,2165.17
7/22/2016,2175.03
7/25/2016,2168.48
7/26/2016,2169.18
7/27/2016,2166.58
7/28/2016,2170.06
7/29/2016,2173.6
8/1/2016,2170.84
8/2/2016,2157.03
8/3/2016,2163.79
8/4/2016,2164.25
8/5/2016,2182.87
8/8/2016,2180.89
8/9/2016,2181.74
8/10/2016,2175.49
8/11/2016,2185.79
8/12/2016,2184.05
8/15/2016,2190.15
8/16/2016,2178.15
8/17/2016,2182.22
8/18/2016,2187.02
8/19/2016,2183.87
8/22/2016,2182.64
8/23/2016,2186.9
8/24/2016,2175.44
8/25/2016,2172.47
8/26/2016,2169.04
8/29/2016,2180.38
8/30/2016,2176.12
8/31/2016,2170.95
9/1/2016,2170.86
9/2/2016,2179.98
9/6/2016,2186.48
9/7/2016,2186.16
9/8/2016,2181.3
9/9/2016,2127.81
9/12/2016,2159.04
9/13/2016,2127.02
9/14/2016,2125.77
9/15/2016,2147.26
9/16/2016,2139.16
9/19/2016,2139.12
9/20/2016,2139.76
9/21/2016,2163.12
9/22/2016,2177.18
9/23/2016,2164.69
9/26/2016,2146.1
9/27/2016,2159.93
9/28/2016,2171.37
9/29/2016,2151.13
9/30/2016,2168.27
10/3/2016,2161.2
10/4/2016,2150.49
10/5/2016,2159.73
10/6/2016,2160.77
10/7/2016,2153.74
10/10/2016,2163.66
10/11/2016,2136.73
10/12/2016,2139.18
10/13/2016,2132.55
10/14/2016,2132.98
10/17/2016,2126.5
10/18/2016,2139.6
10/19/2016,2144.29
10/20/2016,2141.34
10/21/2016,2141.16
10/24/2016,2151.33
10/25/2016,2143.16
10/26/2016,2139.43
10/27/2016,2133.04
10/28/2016,2126.41
10/31/2016,2126.15
11/1/2016,2111.72
11/2/2016,2097.94
11/3/2016,2088.66
11/4/2016,2085.18
11/7/2016,2131.52
11/8/2016,2139.56
11/9/2016,2163.26
11/10/2016,2167.48
11/11/2016,2164.45
11/14/2016,2164.2
11/15/2016,2180.39
11/16/2016,2176.94
11/17/2016,2187.12
11/18/2016,2181.9
11/21/2016,2198.18
11/22/2016,2202.94
11/23/2016,2204.72
11/25/2016,2213.35
11/28/2016,2201.72
11/29/2016,2204.66
11/30/2016,2198.81
12/1/2016,2191.08
12/2/2016,2191.95
12/5/2016,2204.71
12/6/2016,2212.23
12/7/2016,2241.35
12/8/2016,2246.19
12/9/2016,2259.53
12/12/2016,2256.96
12/13/2016,2271.72
12/14/2016,2253.28
12/15/2016,2262.03
12/16/2016,2258.07
12/19/2016,2262.53
12/20/2016,2270.76
12/21/2016,2265.18
12/22/2016,2260.96
12/23/2016,2263.79
12/27/2016,2268.88
12/28/2016,2249.92
12/29/2016,2249.26
12/30/2016,2238.83
1/3/2017,2257.83
1/4/2017,2270.75
1/5/2017,2269
1/6/2017,2276.98
1/9/2017,2268.9
1/10/2017,2268.9
1/11/2017,2275.32
1/12/2017,2270.44
1/13/2017,2274.64
1/17/2017,2267.89
1/18/2017,2271.89
1/19/2017,2263.69
1/20/2017,2271.31
1/23/2017,2265.2
1/24/2017,2280.07
1/25/2017,2298.37
1/26/2017,2296.68
1/27/2017,2294.69
1/30/2017,2280.9
1/31/2017,2278.87
2/1/2017,2279.55
2/2/2017,2280.85
2/3/2017,2297.42
2/6/2017,2292.56
2/7/2017,2293.08
2/8/2017,2294.67
2/9/2017,2307.87
2/10/2017,2316.1
2/13/2017,2328.25
2/14/2017,2337.58
2/15/2017,2349.25
2/16/2017,2347.22
2/17/2017,2351.16
2/21/2017,2365.38
2/22/2017,2362.82
2/23/2017,2363.81
2/24/2017,2367.34
2/27/2017,2369.75
2/28/2017,2363.64
3/1/2017,2395.96
3/2/2017,2381.92
3/3/2017,2383.12
3/6/2017,2375.31
3/7/2017,2368.39
3/8/2017,2362.98
3/9/2017,2364.87
3/10/2017,2372.6
3/13/2017,2373.47
3/14/2017,2365.45
3/15/2017,2385.26
3/16/2017,2381.38
3/17/2017,2378.25
3/20/2017,2373.47
3/21/2017,2344.02
3/22/2017,2348.45
3/23/2017,2345.96
3/24/2017,2343.98
3/27/2017,2341.59
3/28/2017,2358.57
3/29/2017,2361.13
3/30/2017,2368.06
3/31/2017,2362.72
4/3/2017,2358.84
4/4/2017,2360.16
4/5/2017,2352.95
4/6/2017,2357.49
4/7/2017,2355.54
4/10/2017,2357.16
4/11/2017,2353.78
4/12/2017,2344.93
4/13/2017,2328.95
4/17/2017,2349.01
4/18/2017,2342.19
4/19/2017,2338.17
4/20/2017,2355.84
4/21/2017,2348.69
4/24/2017,2374.15
4/25/2017,2388.61
4/26/2017,2387.45
4/27/2017,2388.77
4/28/2017,2384.2
5/1/2017,2388.33
5/2/2017,2391.17
5/3/2017,2388.13
5/4/2017,2389.52
5/5/2017,2399.29
5/8/2017,2399.38
5/9/2017,2396.92
5/10/2017,2399.63
5/11/2017,2394.44
5/12/2017,2390.9
5/15/2017,2402.32
5/16/2017,2400.67
5/17/2017,2357.03
5/18/2017,2365.72
5/19/2017,2381.73
5/22/2017,2394.02
5/23/2017,2398.42
5/24/2017,2404.39
5/25/2017,2415.07
5/26/2017,2415.82
5/30/2017,2412.91
5/31/2017,2411.8
6/1/2017,2430.06
6/2/2017,2439.07
6/5/2017,2436.1
6/6/2017,2429.33
6/7/2017,2433.14
6/8/2017,2433.79
6/9/2017,2431.77
